name,kind,spline_type,gender,teeth,pressure_angle_deg,profile_shift,length_mm,module_mm,tip_diameter_mm,root_diameter_mm,dp,dp_series,root_type,major_diameter_mm,minor_diameter_mm,tooth_width_mm
ANSI B92.1 12/24 DP 6T 30deg,involute,imperial,external,6,30,0,40,,14.8167,9.8425,12,12/24,flat,,,
ANSI B92.1 12/24 DP 7T 30deg,involute,imperial,external,7,30,0,40,,16.9333,11.9592,12,12/24,flat,,,
ANSI B92.1 12/24 DP 8T 30deg,involute,imperial,external,8,30,0,40,,19.05,14.0758,12,12/24,flat,,,
ANSI B92.1 12/24 DP 9T 30deg,involute,imperial,external,9,30,0,40,,21.1667,16.1925,12,12/24,flat,,,
ANSI B92.1 12/24 DP 10T 30deg,involute,imperial,external,10,30,0,40,,23.2833,18.3092,12,12/24,flat,,,
ANSI B92.1 12/24 DP 11T 30deg,involute,imperial,external,11,30,0,40,,25.4,20.4258,12,12/24,flat,,,
ANSI B92.1 12/24 DP 12T 30deg,involute,imperial,external,12,30,0,40,,27.5167,22.5425,12,12/24,flat,,,
ANSI B92.1 12/24 DP 13T 30deg,involute,imperial,external,13,30,0,40,,29.6333,24.6592,12,12/24,flat,,,
ANSI B92.1 12/24 DP 14T 30deg,involute,imperial,external,14,30,0,40,,31.75,26.7758,12,12/24,flat,,,
ANSI B92.1 12/24 DP 15T 30deg,involute,imperial,external,15,30,0,40,,33.8667,28.8925,12,12/24,flat,,,
ANSI B92.1 12/24 DP 16T 30deg,involute,imperial,external,16,30,0,40,,35.9833,31.0092,12,12/24,flat,,,
ANSI B92.1 12/24 DP 17T 30deg,involute,imperial,external,17,30,0,40,,38.1,33.1258,12,12/24,flat,,,
ANSI B92.1 12/24 DP 18T 30deg,involute,imperial,external,18,30,0,40,,40.2167,35.2425,12,12/24,flat,,,
ANSI B92.1 12/24 DP 19T 30deg,involute,imperial,external,19,30,0,40,,42.3333,37.3592,12,12/24,flat,,,
ANSI B92.1 12/24 DP 20T 30deg,involute,imperial,external,20,30,0,40,,44.45,39.4758,12,12/24,flat,,,
ANSI B92.1 12/24 DP 21T 30deg,involute,imperial,external,21,30,0,40,,46.5667,41.5925,12,12/24,flat,,,
ANSI B92.1 12/24 DP 22T 30deg,involute,imperial,external,22,30,0,40,,48.6833,43.7092,12,12/24,flat,,,
ANSI B92.1 12/24 DP 23T 30deg,involute,imperial,external,23,30,0,40,,50.8,45.8258,12,12/24,flat,,,
ANSI B92.1 12/24 DP 24T 30deg,involute,imperial,external,24,30,0,40,,52.9167,47.9425,12,12/24,flat,,,
ANSI B92.1 12/24 DP 25T 30deg,involute,imperial,external,25,30,0,40,,55.0333,50.0592,12,12/24,flat,,,
ANSI B92.1 12/24 DP 26T 30deg,involute,imperial,external,26,30,0,40,,57.15,52.1758,12,12/24,flat,,,
ANSI B92.1 12/24 DP 27T 30deg,involute,imperial,external,27,30,0,40,,59.2667,54.2925,12,12/24,flat,,,
ANSI B92.1 12/24 DP 28T 30deg,involute,imperial,external,28,30,0,40,,61.3833,56.4092,12,12/24,flat,,,
ANSI B92.1 12/24 DP 29T 30deg,involute,imperial,external,29,30,0,40,,63.5,58.5258,12,12/24,flat,,,
ANSI B92.1 12/24 DP 30T 30deg,involute,imperial,external,30,30,0,40,,65.6167,60.6425,12,12/24,flat,,,
ANSI B92.1 12/24 DP 31T 30deg,involute,imperial,external,31,30,0,40,,67.7333,62.7592,12,12/24,flat,,,
ANSI B92.1 12/24 DP 32T 30deg,involute,imperial,external,32,30,0,40,,69.85,64.8758,12,12/24,flat,,,
ANSI B92.1 12/24 DP 33T 30deg,involute,imperial,external,33,30,0,40,,71.9667,66.9925,12,12/24,flat,,,
ANSI B92.1 12/24 DP 34T 30deg,involute,imperial,external,34,30,0,40,,74.0833,69.1092,12,12/24,flat,,,
ANSI B92.1 12/24 DP 35T 30deg,involute,imperial,external,35,30,0,40,,76.2,71.2258,12,12/24,flat,,,
ANSI B92.1 12/24 DP 36T 30deg,involute,imperial,external,36,30,0,40,,78.3167,73.3425,12,12/24,flat,,,
ANSI B92.1 12/24 DP 6T 30deg (Fillet),involute,imperial,external,6,30,0,40,,14.8167,8.89,12,12/24,fillet,,,
ANSI B92.1 12/24 DP 7T 30deg (Fillet),involute,imperial,external,7,30,0,40,,16.9333,11.0067,12,12/24,fillet,,,
ANSI B92.1 12/24 DP 8T 30deg (Fillet),involute,imperial,external,8,30,0,40,,19.05,13.1233,12,12/24,fillet,,,
ANSI B92.1 12/24 DP 9T 30deg (Fillet),involute,imperial,external,9,30,0,40,,21.1667,15.24,12,12/24,fillet,,,
ANSI B92.1 12/24 DP 10T 30deg (Fillet),involute,imperial,external,10,30,0,40,,23.2833,17.3567,12,12/24,fillet,,,
ANSI B92.1 12/24 DP 11T 30deg (Fillet),involute,imperial,external,11,30,0,40,,25.4,19.4733,12,12/24,fillet,,,
ANSI B92.1 12/24 DP 12T 30deg (Fillet),involute,imperial,external,12,30,0,40,,27.5167,21.59,12,12/24,fillet,,,
ANSI B92.1 12/24 DP 13T 30deg (Fillet),involute,imperial,external,13,30,0,40,,29.6333,23.7067,12,12/24,fillet,,,
ANSI B92.1 12/24 DP 14T 30deg (Fillet),involute,imperial,external,14,30,0,40,,31.75,25.8233,12,12/24,fillet,,,
ANSI B92.1 12/24 DP 15T 30deg (Fillet),involute,imperial,external,15,30,0,40,,33.8667,27.94,12,12/24,fillet,,,
ANSI B92.1 12/24 DP 16T 30deg (Fillet),involute,imperial,external,16,30,0,40,,35.9833,30.0567,12,12/24,fillet,,,
ANSI B92.1 12/24 DP 17T 30deg (Fillet),involute,imperial,external,17,30,0,40,,38.1,32.1733,12,12/24,fillet,,,
ANSI B92.1 12/24 DP 18T 30deg (Fillet),involute,imperial,external,18,30,0,40,,40.2167,34.29,12,12/24,fillet,,,
ANSI B92.1 12/24 DP 19T 30deg (Fillet),involute,imperial,external,19,30,0,40,,42.3333,36.4067,12,12/24,fillet,,,
ANSI B92.1 12/24 DP 20T 30deg (Fillet),involute,imperial,external,20,30,0,40,,44.45,38.5233,12,12/24,fillet,,,
ANSI B92.1 12/24 DP 21T 30deg (Fillet),involute,imperial,external,21,30,0,40,,46.5667,40.64,12,12/24,fillet,,,
ANSI B92.1 12/24 DP 22T 30deg (Fillet),involute,imperial,external,22,30,0,40,,48.6833,42.7567,12,12/24,fillet,,,
ANSI B92.1 12/24 DP 23T 30deg (Fillet),involute,imperial,external,23,30,0,40,,50.8,44.8733,12,12/24,fillet,,,
ANSI B92.1 12/24 DP 24T 30deg (Fillet),involute,imperial,external,24,30,0,40,,52.9167,46.99,12,12/24,fillet,,,
ANSI B92.1 12/24 DP 25T 30deg (Fillet),involute,imperial,external,25,30,0,40,,55.0333,49.1067,12,12/24,fillet,,,
ANSI B92.1 12/24 DP 26T 30deg (Fillet),involute,imperial,external,26,30,0,40,,57.15,51.2233,12,12/24,fillet,,,
ANSI B92.1 12/24 DP 27T 30deg (Fillet),involute,imperial,external,27,30,0,40,,59.2667,53.34,12,12/24,fillet,,,
ANSI B92.1 12/24 DP 28T 30deg (Fillet),involute,imperial,external,28,30,0,40,,61.3833,55.4567,12,12/24,fillet,,,
ANSI B92.1 12/24 DP 29T 30deg (Fillet),involute,imperial,external,29,30,0,40,,63.5,57.5733,12,12/24,fillet,,,
ANSI B92.1 12/24 DP 30T 30deg (Fillet),involute,imperial,external,30,30,0,40,,65.6167,59.69,12,12/24,fillet,,,
ANSI B92.1 12/24 DP 31T 30deg (Fillet),involute,imperial,external,31,30,0,40,,67.7333,61.8067,12,12/24,fillet,,,
ANSI B92.1 12/24 DP 32T 30deg (Fillet),involute,imperial,external,32,30,0,40,,69.85,63.9233,12,12/24,fillet,,,
ANSI B92.1 12/24 DP 33T 30deg (Fillet),involute,imperial,external,33,30,0,40,,71.9667,66.04,12,12/24,fillet,,,
ANSI B92.1 12/24 DP 34T 30deg (Fillet),involute,imperial,external,34,30,0,40,,74.0833,68.1567,12,12/24,fillet,,,
ANSI B92.1 12/24 DP 35T 30deg (Fillet),involute,imperial,external,35,30,0,40,,76.2,70.2733,12,12/24,fillet,,,
ANSI B92.1 12/24 DP 36T 30deg (Fillet),involute,imperial,external,36,30,0,40,,78.3167,72.39,12,12/24,fillet,,,
ANSI B92.1 12/24 DP 6T 37.5deg (Fillet),involute,imperial,external,6,37.5,0,40,,14.8167,9.94834,12,12/24,fillet,,,
ANSI B92.1 12/24 DP 7T 37.5deg (Fillet),involute,imperial,external,7,37.5,0,40,,16.9333,12.065,12,12/24,fillet,,,
ANSI B92.1 12/24 DP 8T 37.5deg (Fillet),involute,imperial,external,8,37.5,0,40,,19.05,14.1817,12,12/24,fillet,,,
ANSI B92.1 12/24 DP 9T 37.5deg (Fillet),involute,imperial,external,9,37.5,0,40,,21.1667,16.2983,12,12/24,fillet,,,
ANSI B92.1 12/24 DP 10T 37.5deg (Fillet),involute,imperial,external,10,37.5,0,40,,23.2833,18.415,12,12/24,fillet,,,
ANSI B92.1 12/24 DP 11T 37.5deg (Fillet),involute,imperial,external,11,37.5,0,40,,25.4,20.5317,12,12/24,fillet,,,
ANSI B92.1 12/24 DP 12T 37.5deg (Fillet),involute,imperial,external,12,37.5,0,40,,27.5167,22.6483,12,12/24,fillet,,,
ANSI B92.1 12/24 DP 13T 37.5deg (Fillet),involute,imperial,external,13,37.5,0,40,,29.6333,24.765,12,12/24,fillet,,,
ANSI B92.1 12/24 DP 14T 37.5deg (Fillet),involute,imperial,external,14,37.5,0,40,,31.75,26.8817,12,12/24,fillet,,,
ANSI B92.1 12/24 DP 15T 37.5deg (Fillet),involute,imperial,external,15,37.5,0,40,,33.8667,28.9983,12,12/24,fillet,,,
ANSI B92.1 12/24 DP 16T 37.5deg (Fillet),involute,imperial,external,16,37.5,0,40,,35.9833,31.115,12,12/24,fillet,,,
ANSI B92.1 12/24 DP 17T 37.5deg (Fillet),involute,imperial,external,17,37.5,0,40,,38.1,33.2317,12,12/24,fillet,,,
ANSI B92.1 12/24 DP 18T 37.5deg (Fillet),involute,imperial,external,18,37.5,0,40,,40.2167,35.3483,12,12/24,fillet,,,
ANSI B92.1 12/24 DP 19T 37.5deg (Fillet),involute,imperial,external,19,37.5,0,40,,42.3333,37.465,12,12/24,fillet,,,
ANSI B92.1 12/24 DP 20T 37.5deg (Fillet),involute,imperial,external,20,37.5,0,40,,44.45,39.5817,12,12/24,fillet,,,
ANSI B92.1 12/24 DP 21T 37.5deg (Fillet),involute,imperial,external,21,37.5,0,40,,46.5667,41.6983,12,12/24,fillet,,,
ANSI B92.1 12/24 DP 22T 37.5deg (Fillet),involute,imperial,external,22,37.5,0,40,,48.6833,43.815,12,12/24,fillet,,,
ANSI B92.1 12/24 DP 23T 37.5deg (Fillet),involute,imperial,external,23,37.5,0,40,,50.8,45.9317,12,12/24,fillet,,,
ANSI B92.1 12/24 DP 24T 37.5deg (Fillet),involute,imperial,external,24,37.5,0,40,,52.9167,48.0483,12,12/24,fillet,,,
ANSI B92.1 12/24 DP 25T 37.5deg (Fillet),involute,imperial,external,25,37.5,0,40,,55.0333,50.165,12,12/24,fillet,,,
ANSI B92.1 12/24 DP 26T 37.5deg (Fillet),involute,imperial,external,26,37.5,0,40,,57.15,52.2817,12,12/24,fillet,,,
ANSI B92.1 12/24 DP 27T 37.5deg (Fillet),involute,imperial,external,27,37.5,0,40,,59.2667,54.3983,12,12/24,fillet,,,
ANSI B92.1 12/24 DP 28T 37.5deg (Fillet),involute,imperial,external,28,37.5,0,40,,61.3833,56.515,12,12/24,fillet,,,
ANSI B92.1 12/24 DP 29T 37.5deg (Fillet),involute,imperial,external,29,37.5,0,40,,63.5,58.6317,12,12/24,fillet,,,
ANSI B92.1 12/24 DP 30T 37.5deg (Fillet),involute,imperial,external,30,37.5,0,40,,65.6167,60.7483,12,12/24,fillet,,,
ANSI B92.1 12/24 DP 31T 37.5deg (Fillet),involute,imperial,external,31,37.5,0,40,,67.7333,62.865,12,12/24,fillet,,,
ANSI B92.1 12/24 DP 32T 37.5deg (Fillet),involute,imperial,external,32,37.5,0,40,,69.85,64.9817,12,12/24,fillet,,,
ANSI B92.1 12/24 DP 33T 37.5deg (Fillet),involute,imperial,external,33,37.5,0,40,,71.9667,67.0983,12,12/24,fillet,,,
ANSI B92.1 12/24 DP 34T 37.5deg (Fillet),involute,imperial,external,34,37.5,0,40,,74.0833,69.215,12,12/24,fillet,,,
ANSI B92.1 12/24 DP 35T 37.5deg (Fillet),involute,imperial,external,35,37.5,0,40,,76.2,71.3317,12,12/24,fillet,,,
ANSI B92.1 12/24 DP 36T 37.5deg (Fillet),involute,imperial,external,36,37.5,0,40,,78.3167,73.4483,12,12/24,fillet,,,
ANSI B92.1 12/24 DP 6T 45deg (Fillet),involute,imperial,external,6,45,0,40,,14.8167,10.5833,12,12/24,fillet,,,
ANSI B92.1 12/24 DP 7T 45deg (Fillet),involute,imperial,external,7,45,0,40,,16.9333,12.7,12,12/24,fillet,,,
ANSI B92.1 12/24 DP 8T 45deg (Fillet),involute,imperial,external,8,45,0,40,,19.05,14.8167,12,12/24,fillet,,,
ANSI B92.1 12/24 DP 9T 45deg (Fillet),involute,imperial,external,9,45,0,40,,21.1667,16.9333,12,12/24,fillet,,,
ANSI B92.1 12/24 DP 10T 45deg (Fillet),involute,imperial,external,10,45,0,40,,23.2833,19.05,12,12/24,fillet,,,
ANSI B92.1 12/24 DP 11T 45deg (Fillet),involute,imperial,external,11,45,0,40,,25.4,21.1667,12,12/24,fillet,,,
ANSI B92.1 12/24 DP 12T 45deg (Fillet),involute,imperial,external,12,45,0,40,,27.5167,23.2833,12,12/24,fillet,,,
ANSI B92.1 12/24 DP 13T 45deg (Fillet),involute,imperial,external,13,45,0,40,,29.6333,25.4,12,12/24,fillet,,,
ANSI B92.1 12/24 DP 14T 45deg (Fillet),involute,imperial,external,14,45,0,40,,31.75,27.5167,12,12/24,fillet,,,
ANSI B92.1 12/24 DP 15T 45deg (Fillet),involute,imperial,external,15,45,0,40,,33.8667,29.6333,12,12/24,fillet,,,
ANSI B92.1 12/24 DP 16T 45deg (Fillet),involute,imperial,external,16,45,0,40,,35.9833,31.75,12,12/24,fillet,,,
ANSI B92.1 12/24 DP 17T 45deg (Fillet),involute,imperial,external,17,45,0,40,,38.1,33.8667,12,12/24,fillet,,,
ANSI B92.1 12/24 DP 18T 45deg (Fillet),involute,imperial,external,18,45,0,40,,40.2167,35.9833,12,12/24,fillet,,,
ANSI B92.1 12/24 DP 19T 45deg (Fillet),involute,imperial,external,19,45,0,40,,42.3333,38.1,12,12/24,fillet,,,
ANSI B92.1 12/24 DP 20T 45deg (Fillet),involute,imperial,external,20,45,0,40,,44.45,40.2167,12,12/24,fillet,,,
ANSI B92.1 12/24 DP 21T 45deg (Fillet),involute,imperial,external,21,45,0,40,,46.5667,42.3333,12,12/24,fillet,,,
ANSI B92.1 12/24 DP 22T 45deg (Fillet),involute,imperial,external,22,45,0,40,,48.6833,44.45,12,12/24,fillet,,,
ANSI B92.1 12/24 DP 23T 45deg (Fillet),involute,imperial,external,23,45,0,40,,50.8,46.5667,12,12/24,fillet,,,
ANSI B92.1 12/24 DP 24T 45deg (Fillet),involute,imperial,external,24,45,0,40,,52.9167,48.6833,12,12/24,fillet,,,
ANSI B92.1 12/24 DP 25T 45deg (Fillet),involute,imperial,external,25,45,0,40,,55.0333,50.8,12,12/24,fillet,,,
ANSI B92.1 12/24 DP 26T 45deg (Fillet),involute,imperial,external,26,45,0,40,,57.15,52.9167,12,12/24,fillet,,,
ANSI B92.1 12/24 DP 27T 45deg (Fillet),involute,imperial,external,27,45,0,40,,59.2667,55.0333,12,12/24,fillet,,,
ANSI B92.1 12/24 DP 28T 45deg (Fillet),involute,imperial,external,28,45,0,40,,61.3833,57.15,12,12/24,fillet,,,
ANSI B92.1 12/24 DP 29T 45deg (Fillet),involute,imperial,external,29,45,0,40,,63.5,59.2667,12,12/24,fillet,,,
ANSI B92.1 12/24 DP 30T 45deg (Fillet),involute,imperial,external,30,45,0,40,,65.6167,61.3833,12,12/24,fillet,,,
ANSI B92.1 12/24 DP 31T 45deg (Fillet),involute,imperial,external,31,45,0,40,,67.7333,63.5,12,12/24,fillet,,,
ANSI B92.1 12/24 DP 32T 45deg (Fillet),involute,imperial,external,32,45,0,40,,69.85,65.6167,12,12/24,fillet,,,
ANSI B92.1 12/24 DP 33T 45deg (Fillet),involute,imperial,external,33,45,0,40,,71.9667,67.7333,12,12/24,fillet,,,
ANSI B92.1 12/24 DP 34T 45deg (Fillet),involute,imperial,external,34,45,0,40,,74.0833,69.85,12,12/24,fillet,,,
ANSI B92.1 12/24 DP 35T 45deg (Fillet),involute,imperial,external,35,45,0,40,,76.2,71.9667,12,12/24,fillet,,,
ANSI B92.1 12/24 DP 36T 45deg (Fillet),involute,imperial,external,36,45,0,40,,78.3167,74.0833,12,12/24,fillet,,,
ANSI B92.1 16/32 DP 6T 30deg,involute,imperial,external,6,30,0,40,,11.1125,6.35,16,16/32,flat,,,
ANSI B92.1 16/32 DP 7T 30deg,involute,imperial,external,7,30,0,40,,12.7,7.9375,16,16/32,flat,,,
ANSI B92.1 16/32 DP 8T 30deg,involute,imperial,external,8,30,0,40,,14.2875,9.525,16,16/32,flat,,,
ANSI B92.1 16/32 DP 9T 30deg,involute,imperial,external,9,30,0,40,,15.875,11.1125,16,16/32,flat,,,
ANSI B92.1 16/32 DP 10T 30deg,involute,imperial,external,10,30,0,40,,17.4625,12.7,16,16/32,flat,,,
ANSI B92.1 16/32 DP 11T 30deg,involute,imperial,external,11,30,0,40,,19.05,14.2875,16,16/32,flat,,,
ANSI B92.1 16/32 DP 12T 30deg,involute,imperial,external,12,30,0,40,,20.6375,15.875,16,16/32,flat,,,
ANSI B92.1 16/32 DP 13T 30deg,involute,imperial,external,13,30,0,40,,22.225,17.4625,16,16/32,flat,,,
ANSI B92.1 16/32 DP 14T 30deg,involute,imperial,external,14,30,0,40,,23.8125,19.05,16,16/32,flat,,,
ANSI B92.1 16/32 DP 15T 30deg,involute,imperial,external,15,30,0,40,,25.4,20.6375,16,16/32,flat,,,
ANSI B92.1 16/32 DP 16T 30deg,involute,imperial,external,16,30,0,40,,26.9875,22.225,16,16/32,flat,,,
ANSI B92.1 16/32 DP 17T 30deg,involute,imperial,external,17,30,0,40,,28.575,23.8125,16,16/32,flat,,,
ANSI B92.1 16/32 DP 18T 30deg,involute,imperial,external,18,30,0,40,,30.1625,25.4,16,16/32,flat,,,
ANSI B92.1 16/32 DP 19T 30deg,involute,imperial,external,19,30,0,40,,31.75,26.9875,16,16/32,flat,,,
ANSI B92.1 16/32 DP 20T 30deg,involute,imperial,external,20,30,0,40,,33.3375,28.575,16,16/32,flat,,,
ANSI B92.1 16/32 DP 21T 30deg,involute,imperial,external,21,30,0,40,,34.925,30.1625,16,16/32,flat,,,
ANSI B92.1 16/32 DP 22T 30deg,involute,imperial,external,22,30,0,40,,36.5125,31.75,16,16/32,flat,,,
ANSI B92.1 16/32 DP 23T 30deg,involute,imperial,external,23,30,0,40,,38.1,33.3375,16,16/32,flat,,,
ANSI B92.1 16/32 DP 24T 30deg,involute,imperial,external,24,30,0,40,,39.6875,34.925,16,16/32,flat,,,
ANSI B92.1 16/32 DP 25T 30deg,involute,imperial,external,25,30,0,40,,41.275,36.5125,16,16/32,flat,,,
ANSI B92.1 16/32 DP 26T 30deg,involute,imperial,external,26,30,0,40,,42.8625,38.1,16,16/32,flat,,,
ANSI B92.1 16/32 DP 27T 30deg,involute,imperial,external,27,30,0,40,,44.45,39.6875,16,16/32,flat,,,
ANSI B92.1 16/32 DP 28T 30deg,involute,imperial,external,28,30,0,40,,46.0375,41.275,16,16/32,flat,,,
ANSI B92.1 16/32 DP 29T 30deg,involute,imperial,external,29,30,0,40,,47.625,42.8625,16,16/32,flat,,,
ANSI B92.1 16/32 DP 30T 30deg,involute,imperial,external,30,30,0,40,,49.2125,44.45,16,16/32,flat,,,
ANSI B92.1 16/32 DP 31T 30deg,involute,imperial,external,31,30,0,40,,50.8,46.0375,16,16/32,flat,,,
ANSI B92.1 16/32 DP 32T 30deg,involute,imperial,external,32,30,0,40,,52.3875,47.625,16,16/32,flat,,,
ANSI B92.1 16/32 DP 33T 30deg,involute,imperial,external,33,30,0,40,,53.975,49.2125,16,16/32,flat,,,
ANSI B92.1 16/32 DP 34T 30deg,involute,imperial,external,34,30,0,40,,55.5625,50.8,16,16/32,flat,,,
ANSI B92.1 16/32 DP 35T 30deg,involute,imperial,external,35,30,0,40,,57.15,52.3875,16,16/32,flat,,,
ANSI B92.1 16/32 DP 36T 30deg,involute,imperial,external,36,30,0,40,,58.7375,53.975,16,16/32,flat,,,
ANSI B92.1 16/32 DP 37T 30deg,involute,imperial,external,37,30,0,40,,60.325,55.5625,16,16/32,flat,,,
ANSI B92.1 16/32 DP 38T 30deg,involute,imperial,external,38,30,0,40,,61.9125,57.15,16,16/32,flat,,,
ANSI B92.1 16/32 DP 39T 30deg,involute,imperial,external,39,30,0,40,,63.5,58.7375,16,16/32,flat,,,
ANSI B92.1 16/32 DP 40T 30deg,involute,imperial,external,40,30,0,40,,65.0875,60.325,16,16/32,flat,,,
ANSI B92.1 16/32 DP 41T 30deg,involute,imperial,external,41,30,0,40,,66.675,61.9125,16,16/32,flat,,,
ANSI B92.1 16/32 DP 42T 30deg,involute,imperial,external,42,30,0,40,,68.2625,63.5,16,16/32,flat,,,
ANSI B92.1 16/32 DP 43T 30deg,involute,imperial,external,43,30,0,40,,69.85,65.0875,16,16/32,flat,,,
ANSI B92.1 16/32 DP 44T 30deg,involute,imperial,external,44,30,0,40,,71.4375,66.675,16,16/32,flat,,,
ANSI B92.1 16/32 DP 45T 30deg,involute,imperial,external,45,30,0,40,,73.025,68.2625,16,16/32,flat,,,
ANSI B92.1 16/32 DP 46T 30deg,involute,imperial,external,46,30,0,40,,74.6125,69.85,16,16/32,flat,,,
ANSI B92.1 16/32 DP 47T 30deg,involute,imperial,external,47,30,0,40,,76.2,71.4375,16,16/32,flat,,,
ANSI B92.1 16/32 DP 48T 30deg,involute,imperial,external,48,30,0,40,,77.7875,73.025,16,16/32,flat,,,
ANSI B92.1 16/32 DP 6T 30deg (Fillet),involute,imperial,external,6,30,0,40,,11.1125,6.6675,16,16/32,fillet,,,
ANSI B92.1 16/32 DP 7T 30deg (Fillet),involute,imperial,external,7,30,0,40,,12.7,8.255,16,16/32,fillet,,,
ANSI B92.1 16/32 DP 8T 30deg (Fillet),involute,imperial,external,8,30,0,40,,14.2875,9.8425,16,16/32,fillet,,,
ANSI B92.1 16/32 DP 9T 30deg (Fillet),involute,imperial,external,9,30,0,40,,15.875,11.43,16,16/32,fillet,,,
ANSI B92.1 16/32 DP 10T 30deg (Fillet),involute,imperial,external,10,30,0,40,,17.4625,13.0175,16,16/32,fillet,,,
ANSI B92.1 16/32 DP 11T 30deg (Fillet),involute,imperial,external,11,30,0,40,,19.05,14.605,16,16/32,fillet,,,
ANSI B92.1 16/32 DP 12T 30deg (Fillet),involute,imperial,external,12,30,0,40,,20.6375,16.1925,16,16/32,fillet,,,
ANSI B92.1 16/32 DP 13T 30deg (Fillet),involute,imperial,external,13,30,0,40,,22.225,17.78,16,16/32,fillet,,,
ANSI B92.1 16/32 DP 14T 30deg (Fillet),involute,imperial,external,14,30,0,40,,23.8125,19.3675,16,16/32,fillet,,,
ANSI B92.1 16/32 DP 15T 30deg (Fillet),involute,imperial,external,15,30,0,40,,25.4,20.955,16,16/32,fillet,,,
ANSI B92.1 16/32 DP 16T 30deg (Fillet),involute,imperial,external,16,30,0,40,,26.9875,22.5425,16,16/32,fillet,,,
ANSI B92.1 16/32 DP 17T 30deg (Fillet),involute,imperial,external,17,30,0,40,,28.575,24.13,16,16/32,fillet,,,
ANSI B92.1 16/32 DP 18T 30deg (Fillet),involute,imperial,external,18,30,0,40,,30.1625,25.7175,16,16/32,fillet,,,
ANSI B92.1 16/32 DP 19T 30deg (Fillet),involute,imperial,external,19,30,0,40,,31.75,27.305,16,16/32,fillet,,,
ANSI B92.1 16/32 DP 20T 30deg (Fillet),involute,imperial,external,20,30,0,40,,33.3375,28.8925,16,16/32,fillet,,,
ANSI B92.1 16/32 DP 21T 30deg (Fillet),involute,imperial,external,21,30,0,40,,34.925,30.48,16,16/32,fillet,,,
ANSI B92.1 16/32 DP 22T 30deg (Fillet),involute,imperial,external,22,30,0,40,,36.5125,32.0675,16,16/32,fillet,,,
ANSI B92.1 16/32 DP 23T 30deg (Fillet),involute,imperial,external,23,30,0,40,,38.1,33.655,16,16/32,fillet,,,
ANSI B92.1 16/32 DP 24T 30deg (Fillet),involute,imperial,external,24,30,0,40,,39.6875,35.2425,16,16/32,fillet,,,
ANSI B92.1 16/32 DP 25T 30deg (Fillet),involute,imperial,external,25,30,0,40,,41.275,36.83,16,16/32,fillet,,,
ANSI B92.1 16/32 DP 26T 30deg (Fillet),involute,imperial,external,26,30,0,40,,42.8625,38.4175,16,16/32,fillet,,,
ANSI B92.1 16/32 DP 27T 30deg (Fillet),involute,imperial,external,27,30,0,40,,44.45,40.005,16,16/32,fillet,,,
ANSI B92.1 16/32 DP 28T 30deg (Fillet),involute,imperial,external,28,30,0,40,,46.0375,41.5925,16,16/32,fillet,,,
ANSI B92.1 16/32 DP 29T 30deg (Fillet),involute,imperial,external,29,30,0,40,,47.625,43.18,16,16/32,fillet,,,
ANSI B92.1 16/32 DP 30T 30deg (Fillet),involute,imperial,external,30,30,0,40,,49.2125,44.7675,16,16/32,fillet,,,
ANSI B92.1 16/32 DP 31T 30deg (Fillet),involute,imperial,external,31,30,0,40,,50.8,46.355,16,16/32,fillet,,,
ANSI B92.1 16/32 DP 32T 30deg (Fillet),involute,imperial,external,32,30,0,40,,52.3875,47.9425,16,16/32,fillet,,,
ANSI B92.1 16/32 DP 33T 30deg (Fillet),involute,imperial,external,33,30,0,40,,53.975,49.53,16,16/32,fillet,,,
ANSI B92.1 16/32 DP 34T 30deg (Fillet),involute,imperial,external,34,30,0,40,,55.5625,51.1175,16,16/32,fillet,,,
ANSI B92.1 16/32 DP 35T 30deg (Fillet),involute,imperial,external,35,30,0,40,,57.15,52.705,16,16/32,fillet,,,
ANSI B92.1 16/32 DP 36T 30deg (Fillet),involute,imperial,external,36,30,0,40,,58.7375,54.2925,16,16/32,fillet,,,
ANSI B92.1 16/32 DP 37T 30deg (Fillet),involute,imperial,external,37,30,0,40,,60.325,55.88,16,16/32,fillet,,,
ANSI B92.1 16/32 DP 38T 30deg (Fillet),involute,imperial,external,38,30,0,40,,61.9125,57.4675,16,16/32,fillet,,,
ANSI B92.1 16/32 DP 39T 30deg (Fillet),involute,imperial,external,39,30,0,40,,63.5,59.055,16,16/32,fillet,,,
ANSI B92.1 16/32 DP 40T 30deg (Fillet),involute,imperial,external,40,30,0,40,,65.0875,60.6425,16,16/32,fillet,,,
ANSI B92.1 16/32 DP 41T 30deg (Fillet),involute,imperial,external,41,30,0,40,,66.675,62.23,16,16/32,fillet,,,
ANSI B92.1 16/32 DP 42T 30deg (Fillet),involute,imperial,external,42,30,0,40,,68.2625,63.8175,16,16/32,fillet,,,
ANSI B92.1 16/32 DP 43T 30deg (Fillet),involute,imperial,external,43,30,0,40,,69.85,65.405,16,16/32,fillet,,,
ANSI B92.1 16/32 DP 44T 30deg (Fillet),involute,imperial,external,44,30,0,40,,71.4375,66.9925,16,16/32,fillet,,,
ANSI B92.1 16/32 DP 45T 30deg (Fillet),involute,imperial,external,45,30,0,40,,73.025,68.58,16,16/32,fillet,,,
ANSI B92.1 16/32 DP 46T 30deg (Fillet),involute,imperial,external,46,30,0,40,,74.6125,70.1675,16,16/32,fillet,,,
ANSI B92.1 16/32 DP 47T 30deg (Fillet),involute,imperial,external,47,30,0,40,,76.2,71.755,16,16/32,fillet,,,
ANSI B92.1 16/32 DP 48T 30deg (Fillet),involute,imperial,external,48,30,0,40,,77.7875,73.3425,16,16/32,fillet,,,
ANSI B92.1 16/32 DP 6T 37.5deg (Fillet),involute,imperial,external,6,37.5,0,40,,11.1125,7.46125,16,16/32,fillet,,,
ANSI B92.1 16/32 DP 7T 37.5deg (Fillet),involute,imperial,external,7,37.5,0,40,,12.7,9.04875,16,16/32,fillet,,,
ANSI B92.1 16/32 DP 8T 37.5deg (Fillet),involute,imperial,external,8,37.5,0,40,,14.2875,10.6363,16,16/32,fillet,,,
ANSI B92.1 16/32 DP 9T 37.5deg (Fillet),involute,imperial,external,9,37.5,0,40,,15.875,12.2237,16,16/32,fillet,,,
ANSI B92.1 16/32 DP 10T 37.5deg (Fillet),involute,imperial,external,10,37.5,0,40,,17.4625,13.8112,16,16/32,fillet,,,
ANSI B92.1 16/32 DP 11T 37.5deg (Fillet),involute,imperial,external,11,37.5,0,40,,19.05,15.3987,16,16/32,fillet,,,
ANSI B92.1 16/32 DP 12T 37.5deg (Fillet),involute,imperial,external,12,37.5,0,40,,20.6375,16.9862,16,16/32,fillet,,,
ANSI B92.1 16/32 DP 13T 37.5deg (Fillet),involute,imperial,external,13,37.5,0,40,,22.225,18.5737,16,16/32,fillet,,,
ANSI B92.1 16/32 DP 14T 37.5deg (Fillet),involute,imperial,external,14,37.5,0,40,,23.8125,20.1612,16,16/32,fillet,,,
ANSI B92.1 16/32 DP 15T 37.5deg (Fillet),involute,imperial,external,15,37.5,0,40,,25.4,21.7487,16,16/32,fillet,,,
ANSI B92.1 16/32 DP 16T 37.5deg (Fillet),involute,imperial,external,16,37.5,0,40,,26.9875,23.3362,16,16/32,fillet,,,
ANSI B92.1 16/32 DP 17T 37.5deg (Fillet),involute,imperial,external,17,37.5,0,40,,28.575,24.9237,16,16/32,fillet,,,
ANSI B92.1 16/32 DP 18T 37.5deg (Fillet),involute,imperial,external,18,37.5,0,40,,30.1625,26.5112,16,16/32,fillet,,,
ANSI B92.1 16/32 DP 19T 37.5deg (Fillet),involute,imperial,external,19,37.5,0,40,,31.75,28.0987,16,16/32,fillet,,,
ANSI B92.1 16/32 DP 20T 37.5deg (Fillet),involute,imperial,external,20,37.5,0,40,,33.3375,29.6862,16,16/32,fillet,,,
ANSI B92.1 16/32 DP 21T 37.5deg (Fillet),involute,imperial,external,21,37.5,0,40,,34.925,31.2737,16,16/32,fillet,,,
ANSI B92.1 16/32 DP 22T 37.5deg (Fillet),involute,imperial,external,22,37.5,0,40,,36.5125,32.8612,16,16/32,fillet,,,
ANSI B92.1 16/32 DP 23T 37.5deg (Fillet),involute,imperial,external,23,37.5,0,40,,38.1,34.4487,16,16/32,fillet,,,
ANSI B92.1 16/32 DP 24T 37.5deg (Fillet),involute,imperial,external,24,37.5,0,40,,39.6875,36.0362,16,16/32,fillet,,,
ANSI B92.1 16/32 DP 25T 37.5deg (Fillet),involute,imperial,external,25,37.5,0,40,,41.275,37.6237,16,16/32,fillet,,,
ANSI B92.1 16/32 DP 26T 37.5deg (Fillet),involute,imperial,external,26,37.5,0,40,,42.8625,39.2112,16,16/32,fillet,,,
ANSI B92.1 16/32 DP 27T 37.5deg (Fillet),involute,imperial,external,27,37.5,0,40,,44.45,40.7987,16,16/32,fillet,,,
ANSI B92.1 16/32 DP 28T 37.5deg (Fillet),involute,imperial,external,28,37.5,0,40,,46.0375,42.3862,16,16/32,fillet,,,
ANSI B92.1 16/32 DP 29T 37.5deg (Fillet),involute,imperial,external,29,37.5,0,40,,47.625,43.9737,16,16/32,fillet,,,
ANSI B92.1 16/32 DP 30T 37.5deg (Fillet),involute,imperial,external,30,37.5,0,40,,49.2125,45.5612,16,16/32,fillet,,,
ANSI B92.1 16/32 DP 31T 37.5deg (Fillet),involute,imperial,external,31,37.5,0,40,,50.8,47.1487,16,16/32,fillet,,,
ANSI B92.1 16/32 DP 32T 37.5deg (Fillet),involute,imperial,external,32,37.5,0,40,,52.3875,48.7362,16,16/32,fillet,,,
ANSI B92.1 16/32 DP 33T 37.5deg (Fillet),involute,imperial,external,33,37.5,0,40,,53.975,50.3237,16,16/32,fillet,,,
ANSI B92.1 16/32 DP 34T 37.5deg (Fillet),involute,imperial,external,34,37.5,0,40,,55.5625,51.9113,16,16/32,fillet,,,
ANSI B92.1 16/32 DP 35T 37.5deg (Fillet),involute,imperial,external,35,37.5,0,40,,57.15,53.4988,16,16/32,fillet,,,
ANSI B92.1 16/32 DP 36T 37.5deg (Fillet),involute,imperial,external,36,37.5,0,40,,58.7375,55.0862,16,16/32,fillet,,,
ANSI B92.1 16/32 DP 37T 37.5deg (Fillet),involute,imperial,external,37,37.5,0,40,,60.325,56.6737,16,16/32,fillet,,,
ANSI B92.1 16/32 DP 38T 37.5deg (Fillet),involute,imperial,external,38,37.5,0,40,,61.9125,58.2613,16,16/32,fillet,,,
ANSI B92.1 16/32 DP 39T 37.5deg (Fillet),involute,imperial,external,39,37.5,0,40,,63.5,59.8488,16,16/32,fillet,,,
ANSI B92.1 16/32 DP 40T 37.5deg (Fillet),involute,imperial,external,40,37.5,0,40,,65.0875,61.4363,16,16/32,fillet,,,
ANSI B92.1 16/32 DP 41T 37.5deg (Fillet),involute,imperial,external,41,37.5,0,40,,66.675,63.0237,16,16/32,fillet,,,
ANSI B92.1 16/32 DP 42T 37.5deg (Fillet),involute,imperial,external,42,37.5,0,40,,68.2625,64.6112,16,16/32,fillet,,,
ANSI B92.1 16/32 DP 43T 37.5deg (Fillet),involute,imperial,external,43,37.5,0,40,,69.85,66.1988,16,16/32,fillet,,,
ANSI B92.1 16/32 DP 44T 37.5deg (Fillet),involute,imperial,external,44,37.5,0,40,,71.4375,67.7862,16,16/32,fillet,,,
ANSI B92.1 16/32 DP 45T 37.5deg (Fillet),involute,imperial,external,45,37.5,0,40,,73.025,69.3738,16,16/32,fillet,,,
ANSI B92.1 16/32 DP 46T 37.5deg (Fillet),involute,imperial,external,46,37.5,0,40,,74.6125,70.9613,16,16/32,fillet,,,
ANSI B92.1 16/32 DP 47T 37.5deg (Fillet),involute,imperial,external,47,37.5,0,40,,76.2,72.5487,16,16/32,fillet,,,
ANSI B92.1 16/32 DP 48T 37.5deg (Fillet),involute,imperial,external,48,37.5,0,40,,77.7875,74.1363,16,16/32,fillet,,,
ANSI B92.1 16/32 DP 6T 45deg (Fillet),involute,imperial,external,6,45,0,40,,11.1125,7.9375,16,16/32,fillet,,,
ANSI B92.1 16/32 DP 7T 45deg (Fillet),involute,imperial,external,7,45,0,40,,12.7,9.525,16,16/32,fillet,,,
ANSI B92.1 16/32 DP 8T 45deg (Fillet),involute,imperial,external,8,45,0,40,,14.2875,11.1125,16,16/32,fillet,,,
ANSI B92.1 16/32 DP 9T 45deg (Fillet),involute,imperial,external,9,45,0,40,,15.875,12.7,16,16/32,fillet,,,
ANSI B92.1 16/32 DP 10T 45deg (Fillet),involute,imperial,external,10,45,0,40,,17.4625,14.2875,16,16/32,fillet,,,
ANSI B92.1 16/32 DP 11T 45deg (Fillet),involute,imperial,external,11,45,0,40,,19.05,15.875,16,16/32,fillet,,,
ANSI B92.1 16/32 DP 12T 45deg (Fillet),involute,imperial,external,12,45,0,40,,20.6375,17.4625,16,16/32,fillet,,,
ANSI B92.1 16/32 DP 13T 45deg (Fillet),involute,imperial,external,13,45,0,40,,22.225,19.05,16,16/32,fillet,,,
ANSI B92.1 16/32 DP 14T 45deg (Fillet),involute,imperial,external,14,45,0,40,,23.8125,20.6375,16,16/32,fillet,,,
ANSI B92.1 16/32 DP 15T 45deg (Fillet),involute,imperial,external,15,45,0,40,,25.4,22.225,16,16/32,fillet,,,
ANSI B92.1 16/32 DP 16T 45deg (Fillet),involute,imperial,external,16,45,0,40,,26.9875,23.8125,16,16/32,fillet,,,
ANSI B92.1 16/32 DP 17T 45deg (Fillet),involute,imperial,external,17,45,0,40,,28.575,25.4,16,16/32,fillet,,,
ANSI B92.1 16/32 DP 18T 45deg (Fillet),involute,imperial,external,18,45,0,40,,30.1625,26.9875,16,16/32,fillet,,,
ANSI B92.1 16/32 DP 19T 45deg (Fillet),involute,imperial,external,19,45,0,40,,31.75,28.575,16,16/32,fillet,,,
ANSI B92.1 16/32 DP 20T 45deg (Fillet),involute,imperial,external,20,45,0,40,,33.3375,30.1625,16,16/32,fillet,,,
ANSI B92.1 16/32 DP 21T 45deg (Fillet),involute,imperial,external,21,45,0,40,,34.925,31.75,16,16/32,fillet,,,
ANSI B92.1 16/32 DP 22T 45deg (Fillet),involute,imperial,external,22,45,0,40,,36.5125,33.3375,16,16/32,fillet,,,
ANSI B92.1 16/32 DP 23T 45deg (Fillet),involute,imperial,external,23,45,0,40,,38.1,34.925,16,16/32,fillet,,,
ANSI B92.1 16/32 DP 24T 45deg (Fillet),involute,imperial,external,24,45,0,40,,39.6875,36.5125,16,16/32,fillet,,,
ANSI B92.1 16/32 DP 25T 45deg (Fillet),involute,imperial,external,25,45,0,40,,41.275,38.1,16,16/32,fillet,,,
ANSI B92.1 16/32 DP 26T 45deg (Fillet),involute,imperial,external,26,45,0,40,,42.8625,39.6875,16,16/32,fillet,,,
ANSI B92.1 16/32 DP 27T 45deg (Fillet),involute,imperial,external,27,45,0,40,,44.45,41.275,16,16/32,fillet,,,
ANSI B92.1 16/32 DP 28T 45deg (Fillet),involute,imperial,external,28,45,0,40,,46.0375,42.8625,16,16/32,fillet,,,
ANSI B92.1 16/32 DP 29T 45deg (Fillet),involute,imperial,external,29,45,0,40,,47.625,44.45,16,16/32,fillet,,,
ANSI B92.1 16/32 DP 30T 45deg (Fillet),involute,imperial,external,30,45,0,40,,49.2125,46.0375,16,16/32,fillet,,,
ANSI B92.1 16/32 DP 31T 45deg (Fillet),involute,imperial,external,31,45,0,40,,50.8,47.625,16,16/32,fillet,,,
ANSI B92.1 16/32 DP 32T 45deg (Fillet),involute,imperial,external,32,45,0,40,,52.3875,49.2125,16,16/32,fillet,,,
ANSI B92.1 16/32 DP 33T 45deg (Fillet),involute,imperial,external,33,45,0,40,,53.975,50.8,16,16/32,fillet,,,
ANSI B92.1 16/32 DP 34T 45deg (Fillet),involute,imperial,external,34,45,0,40,,55.5625,52.3875,16,16/32,fillet,,,
ANSI B92.1 16/32 DP 35T 45deg (Fillet),involute,imperial,external,35,45,0,40,,57.15,53.975,16,16/32,fillet,,,
ANSI B92.1 16/32 DP 36T 45deg (Fillet),involute,imperial,external,36,45,0,40,,58.7375,55.5625,16,16/32,fillet,,,
ANSI B92.1 16/32 DP 37T 45deg (Fillet),involute,imperial,external,37,45,0,40,,60.325,57.15,16,16/32,fillet,,,
ANSI B92.1 16/32 DP 38T 45deg (Fillet),involute,imperial,external,38,45,0,40,,61.9125,58.7375,16,16/32,fillet,,,
ANSI B92.1 16/32 DP 39T 45deg (Fillet),involute,imperial,external,39,45,0,40,,63.5,60.325,16,16/32,fillet,,,
ANSI B92.1 16/32 DP 40T 45deg (Fillet),involute,imperial,external,40,45,0,40,,65.0875,61.9125,16,16/32,fillet,,,
ANSI B92.1 16/32 DP 41T 45deg (Fillet),involute,imperial,external,41,45,0,40,,66.675,63.5,16,16/32,fillet,,,
ANSI B92.1 16/32 DP 42T 45deg (Fillet),involute,imperial,external,42,45,0,40,,68.2625,65.0875,16,16/32,fillet,,,
ANSI B92.1 16/32 DP 43T 45deg (Fillet),involute,imperial,external,43,45,0,40,,69.85,66.675,16,16/32,fillet,,,
ANSI B92.1 16/32 DP 44T 45deg (Fillet),involute,imperial,external,44,45,0,40,,71.4375,68.2625,16,16/32,fillet,,,
ANSI B92.1 16/32 DP 45T 45deg (Fillet),involute,imperial,external,45,45,0,40,,73.025,69.85,16,16/32,fillet,,,
ANSI B92.1 16/32 DP 46T 45deg (Fillet),involute,imperial,external,46,45,0,40,,74.6125,71.4375,16,16/32,fillet,,,
ANSI B92.1 16/32 DP 47T 45deg (Fillet),involute,imperial,external,47,45,0,40,,76.2,73.025,16,16/32,fillet,,,
ANSI B92.1 16/32 DP 48T 45deg (Fillet),involute,imperial,external,48,45,0,40,,77.7875,74.6125,16,16/32,fillet,,,
ANSI B92.1 20/40 DP 6T 30deg,involute,imperial,external,6,30,0,40,,8.89,5.08,20,20/40,flat,,,
ANSI B92.1 20/40 DP 7T 30deg,involute,imperial,external,7,30,0,40,,10.16,6.35,20,20/40,flat,,,
ANSI B92.1 20/40 DP 8T 30deg,involute,imperial,external,8,30,0,40,,11.43,7.62,20,20/40,flat,,,
ANSI B92.1 20/40 DP 9T 30deg,involute,imperial,external,9,30,0,40,,12.7,8.89,20,20/40,flat,,,
ANSI B92.1 20/40 DP 10T 30deg,involute,imperial,external,10,30,0,40,,13.97,10.16,20,20/40,flat,,,
ANSI B92.1 20/40 DP 11T 30deg,involute,imperial,external,11,30,0,40,,15.24,11.43,20,20/40,flat,,,
ANSI B92.1 20/40 DP 12T 30deg,involute,imperial,external,12,30,0,40,,16.51,12.7,20,20/40,flat,,,
ANSI B92.1 20/40 DP 13T 30deg,involute,imperial,external,13,30,0,40,,17.78,13.97,20,20/40,flat,,,
ANSI B92.1 20/40 DP 14T 30deg,involute,imperial,external,14,30,0,40,,19.05,15.24,20,20/40,flat,,,
ANSI B92.1 20/40 DP 15T 30deg,involute,imperial,external,15,30,0,40,,20.32,16.51,20,20/40,flat,,,
ANSI B92.1 20/40 DP 16T 30deg,involute,imperial,external,16,30,0,40,,21.59,17.78,20,20/40,flat,,,
ANSI B92.1 20/40 DP 17T 30deg,involute,imperial,external,17,30,0,40,,22.86,19.05,20,20/40,flat,,,
ANSI B92.1 20/40 DP 18T 30deg,involute,imperial,external,18,30,0,40,,24.13,20.32,20,20/40,flat,,,
ANSI B92.1 20/40 DP 19T 30deg,involute,imperial,external,19,30,0,40,,25.4,21.59,20,20/40,flat,,,
ANSI B92.1 20/40 DP 20T 30deg,involute,imperial,external,20,30,0,40,,26.67,22.86,20,20/40,flat,,,
ANSI B92.1 20/40 DP 21T 30deg,involute,imperial,external,21,30,0,40,,27.94,24.13,20,20/40,flat,,,
ANSI B92.1 20/40 DP 22T 30deg,involute,imperial,external,22,30,0,40,,29.21,25.4,20,20/40,flat,,,
ANSI B92.1 20/40 DP 23T 30deg,involute,imperial,external,23,30,0,40,,30.48,26.67,20,20/40,flat,,,
ANSI B92.1 20/40 DP 24T 30deg,involute,imperial,external,24,30,0,40,,31.75,27.94,20,20/40,flat,,,
ANSI B92.1 20/40 DP 25T 30deg,involute,imperial,external,25,30,0,40,,33.02,29.21,20,20/40,flat,,,
ANSI B92.1 20/40 DP 26T 30deg,involute,imperial,external,26,30,0,40,,34.29,30.48,20,20/40,flat,,,
ANSI B92.1 20/40 DP 27T 30deg,involute,imperial,external,27,30,0,40,,35.56,31.75,20,20/40,flat,,,
ANSI B92.1 20/40 DP 28T 30deg,involute,imperial,external,28,30,0,40,,36.83,33.02,20,20/40,flat,,,
ANSI B92.1 20/40 DP 29T 30deg,involute,imperial,external,29,30,0,40,,38.1,34.29,20,20/40,flat,,,
ANSI B92.1 20/40 DP 30T 30deg,involute,imperial,external,30,30,0,40,,39.37,35.56,20,20/40,flat,,,
ANSI B92.1 20/40 DP 31T 30deg,involute,imperial,external,31,30,0,40,,40.64,36.83,20,20/40,flat,,,
ANSI B92.1 20/40 DP 32T 30deg,involute,imperial,external,32,30,0,40,,41.91,38.1,20,20/40,flat,,,
ANSI B92.1 20/40 DP 33T 30deg,involute,imperial,external,33,30,0,40,,43.18,39.37,20,20/40,flat,,,
ANSI B92.1 20/40 DP 34T 30deg,involute,imperial,external,34,30,0,40,,44.45,40.64,20,20/40,flat,,,
ANSI B92.1 20/40 DP 35T 30deg,involute,imperial,external,35,30,0,40,,45.72,41.91,20,20/40,flat,,,
ANSI B92.1 20/40 DP 36T 30deg,involute,imperial,external,36,30,0,40,,46.99,43.18,20,20/40,flat,,,
ANSI B92.1 20/40 DP 37T 30deg,involute,imperial,external,37,30,0,40,,48.26,44.45,20,20/40,flat,,,
ANSI B92.1 20/40 DP 38T 30deg,involute,imperial,external,38,30,0,40,,49.53,45.72,20,20/40,flat,,,
ANSI B92.1 20/40 DP 39T 30deg,involute,imperial,external,39,30,0,40,,50.8,46.99,20,20/40,flat,,,
ANSI B92.1 20/40 DP 40T 30deg,involute,imperial,external,40,30,0,40,,52.07,48.26,20,20/40,flat,,,
ANSI B92.1 20/40 DP 41T 30deg,involute,imperial,external,41,30,0,40,,53.34,49.53,20,20/40,flat,,,
ANSI B92.1 20/40 DP 42T 30deg,involute,imperial,external,42,30,0,40,,54.61,50.8,20,20/40,flat,,,
ANSI B92.1 20/40 DP 43T 30deg,involute,imperial,external,43,30,0,40,,55.88,52.07,20,20/40,flat,,,
ANSI B92.1 20/40 DP 44T 30deg,involute,imperial,external,44,30,0,40,,57.15,53.34,20,20/40,flat,,,
ANSI B92.1 20/40 DP 45T 30deg,involute,imperial,external,45,30,0,40,,58.42,54.61,20,20/40,flat,,,
ANSI B92.1 20/40 DP 46T 30deg,involute,imperial,external,46,30,0,40,,59.69,55.88,20,20/40,flat,,,
ANSI B92.1 20/40 DP 47T 30deg,involute,imperial,external,47,30,0,40,,60.96,57.15,20,20/40,flat,,,
ANSI B92.1 20/40 DP 48T 30deg,involute,imperial,external,48,30,0,40,,62.23,58.42,20,20/40,flat,,,
ANSI B92.1 20/40 DP 49T 30deg,involute,imperial,external,49,30,0,40,,63.5,59.69,20,20/40,flat,,,
ANSI B92.1 20/40 DP 50T 30deg,involute,imperial,external,50,30,0,40,,64.77,60.96,20,20/40,flat,,,
ANSI B92.1 20/40 DP 51T 30deg,involute,imperial,external,51,30,0,40,,66.04,62.23,20,20/40,flat,,,
ANSI B92.1 20/40 DP 52T 30deg,involute,imperial,external,52,30,0,40,,67.31,63.5,20,20/40,flat,,,
ANSI B92.1 20/40 DP 53T 30deg,involute,imperial,external,53,30,0,40,,68.58,64.77,20,20/40,flat,,,
ANSI B92.1 20/40 DP 54T 30deg,involute,imperial,external,54,30,0,40,,69.85,66.04,20,20/40,flat,,,
ANSI B92.1 20/40 DP 55T 30deg,involute,imperial,external,55,30,0,40,,71.12,67.31,20,20/40,flat,,,
ANSI B92.1 20/40 DP 56T 30deg,involute,imperial,external,56,30,0,40,,72.39,68.58,20,20/40,flat,,,
ANSI B92.1 20/40 DP 57T 30deg,involute,imperial,external,57,30,0,40,,73.66,69.85,20,20/40,flat,,,
ANSI B92.1 20/40 DP 58T 30deg,involute,imperial,external,58,30,0,40,,74.93,71.12,20,20/40,flat,,,
ANSI B92.1 20/40 DP 59T 30deg,involute,imperial,external,59,30,0,40,,76.2,72.39,20,20/40,flat,,,
ANSI B92.1 20/40 DP 60T 30deg,involute,imperial,external,60,30,0,40,,77.47,73.66,20,20/40,flat,,,
ANSI B92.1 20/40 DP 6T 30deg (Fillet),involute,imperial,external,6,30,0,40,,8.89,5.334,20,20/40,fillet,,,
ANSI B92.1 20/40 DP 7T 30deg (Fillet),involute,imperial,external,7,30,0,40,,10.16,6.604,20,20/40,fillet,,,
ANSI B92.1 20/40 DP 8T 30deg (Fillet),involute,imperial,external,8,30,0,40,,11.43,7.874,20,20/40,fillet,,,
ANSI B92.1 20/40 DP 9T 30deg (Fillet),involute,imperial,external,9,30,0,40,,12.7,9.144,20,20/40,fillet,,,
ANSI B92.1 20/40 DP 10T 30deg (Fillet),involute,imperial,external,10,30,0,40,,13.97,10.414,20,20/40,fillet,,,
ANSI B92.1 20/40 DP 11T 30deg (Fillet),involute,imperial,external,11,30,0,40,,15.24,11.684,20,20/40,fillet,,,
ANSI B92.1 20/40 DP 12T 30deg (Fillet),involute,imperial,external,12,30,0,40,,16.51,12.954,20,20/40,fillet,,,
ANSI B92.1 20/40 DP 13T 30deg (Fillet),involute,imperial,external,13,30,0,40,,17.78,14.224,20,20/40,fillet,,,
ANSI B92.1 20/40 DP 14T 30deg (Fillet),involute,imperial,external,14,30,0,40,,19.05,15.494,20,20/40,fillet,,,
ANSI B92.1 20/40 DP 15T 30deg (Fillet),involute,imperial,external,15,30,0,40,,20.32,16.764,20,20/40,fillet,,,
ANSI B92.1 20/40 DP 16T 30deg (Fillet),involute,imperial,external,16,30,0,40,,21.59,18.034,20,20/40,fillet,,,
ANSI B92.1 20/40 DP 17T 30deg (Fillet),involute,imperial,external,17,30,0,40,,22.86,19.304,20,20/40,fillet,,,
ANSI B92.1 20/40 DP 18T 30deg (Fillet),involute,imperial,external,18,30,0,40,,24.13,20.574,20,20/40,fillet,,,
ANSI B92.1 20/40 DP 19T 30deg (Fillet),involute,imperial,external,19,30,0,40,,25.4,21.844,20,20/40,fillet,,,
ANSI B92.1 20/40 DP 20T 30deg (Fillet),involute,imperial,external,20,30,0,40,,26.67,23.114,20,20/40,fillet,,,
ANSI B92.1 20/40 DP 21T 30deg (Fillet),involute,imperial,external,21,30,0,40,,27.94,24.384,20,20/40,fillet,,,
ANSI B92.1 20/40 DP 22T 30deg (Fillet),involute,imperial,external,22,30,0,40,,29.21,25.654,20,20/40,fillet,,,
ANSI B92.1 20/40 DP 23T 30deg (Fillet),involute,imperial,external,23,30,0,40,,30.48,26.924,20,20/40,fillet,,,
ANSI B92.1 20/40 DP 24T 30deg (Fillet),involute,imperial,external,24,30,0,40,,31.75,28.194,20,20/40,fillet,,,
ANSI B92.1 20/40 DP 25T 30deg (Fillet),involute,imperial,external,25,30,0,40,,33.02,29.464,20,20/40,fillet,,,
ANSI B92.1 20/40 DP 26T 30deg (Fillet),involute,imperial,external,26,30,0,40,,34.29,30.734,20,20/40,fillet,,,
ANSI B92.1 20/40 DP 27T 30deg (Fillet),involute,imperial,external,27,30,0,40,,35.56,32.004,20,20/40,fillet,,,
ANSI B92.1 20/40 DP 28T 30deg (Fillet),involute,imperial,external,28,30,0,40,,36.83,33.274,20,20/40,fillet,,,
ANSI B92.1 20/40 DP 29T 30deg (Fillet),involute,imperial,external,29,30,0,40,,38.1,34.544,20,20/40,fillet,,,
ANSI B92.1 20/40 DP 30T 30deg (Fillet),involute,imperial,external,30,30,0,40,,39.37,35.814,20,20/40,fillet,,,
ANSI B92.1 20/40 DP 31T 30deg (Fillet),involute,imperial,external,31,30,0,40,,40.64,37.084,20,20/40,fillet,,,
ANSI B92.1 20/40 DP 32T 30deg (Fillet),involute,imperial,external,32,30,0,40,,41.91,38.354,20,20/40,fillet,,,
ANSI B92.1 20/40 DP 33T 30deg (Fillet),involute,imperial,external,33,30,0,40,,43.18,39.624,20,20/40,fillet,,,
ANSI B92.1 20/40 DP 34T 30deg (Fillet),involute,imperial,external,34,30,0,40,,44.45,40.894,20,20/40,fillet,,,
ANSI B92.1 20/40 DP 35T 30deg (Fillet),involute,imperial,external,35,30,0,40,,45.72,42.164,20,20/40,fillet,,,
ANSI B92.1 20/40 DP 36T 30deg (Fillet),involute,imperial,external,36,30,0,40,,46.99,43.434,20,20/40,fillet,,,
ANSI B92.1 20/40 DP 37T 30deg (Fillet),involute,imperial,external,37,30,0,40,,48.26,44.704,20,20/40,fillet,,,
ANSI B92.1 20/40 DP 38T 30deg (Fillet),involute,imperial,external,38,30,0,40,,49.53,45.974,20,20/40,fillet,,,
ANSI B92.1 20/40 DP 39T 30deg (Fillet),involute,imperial,external,39,30,0,40,,50.8,47.244,20,20/40,fillet,,,
ANSI B92.1 20/40 DP 40T 30deg (Fillet),involute,imperial,external,40,30,0,40,,52.07,48.514,20,20/40,fillet,,,
ANSI B92.1 20/40 DP 41T 30deg (Fillet),involute,imperial,external,41,30,0,40,,53.34,49.784,20,20/40,fillet,,,
ANSI B92.1 20/40 DP 42T 30deg (Fillet),involute,imperial,external,42,30,0,40,,54.61,51.054,20,20/40,fillet,,,
ANSI B92.1 20/40 DP 43T 30deg (Fillet),involute,imperial,external,43,30,0,40,,55.88,52.324,20,20/40,fillet,,,
ANSI B92.1 20/40 DP 44T 30deg (Fillet),involute,imperial,external,44,30,0,40,,57.15,53.594,20,20/40,fillet,,,
ANSI B92.1 20/40 DP 45T 30deg (Fillet),involute,imperial,external,45,30,0,40,,58.42,54.864,20,20/40,fillet,,,
ANSI B92.1 20/40 DP 46T 30deg (Fillet),involute,imperial,external,46,30,0,40,,59.69,56.134,20,20/40,fillet,,,
ANSI B92.1 20/40 DP 47T 30deg (Fillet),involute,imperial,external,47,30,0,40,,60.96,57.404,20,20/40,fillet,,,
ANSI B92.1 20/40 DP 48T 30deg (Fillet),involute,imperial,external,48,30,0,40,,62.23,58.674,20,20/40,fillet,,,
ANSI B92.1 20/40 DP 49T 30deg (Fillet),involute,imperial,external,49,30,0,40,,63.5,59.944,20,20/40,fillet,,,
ANSI B92.1 20/40 DP 50T 30deg (Fillet),involute,imperial,external,50,30,0,40,,64.77,61.214,20,20/40,fillet,,,
ANSI B92.1 20/40 DP 51T 30deg (Fillet),involute,imperial,external,51,30,0,40,,66.04,62.484,20,20/40,fillet,,,
ANSI B92.1 20/40 DP 52T 30deg (Fillet),involute,imperial,external,52,30,0,40,,67.31,63.754,20,20/40,fillet,,,
ANSI B92.1 20/40 DP 53T 30deg (Fillet),involute,imperial,external,53,30,0,40,,68.58,65.024,20,20/40,fillet,,,
ANSI B92.1 20/40 DP 54T 30deg (Fillet),involute,imperial,external,54,30,0,40,,69.85,66.294,20,20/40,fillet,,,
ANSI B92.1 20/40 DP 55T 30deg (Fillet),involute,imperial,external,55,30,0,40,,71.12,67.564,20,20/40,fillet,,,
ANSI B92.1 20/40 DP 56T 30deg (Fillet),involute,imperial,external,56,30,0,40,,72.39,68.834,20,20/40,fillet,,,
ANSI B92.1 20/40 DP 57T 30deg (Fillet),involute,imperial,external,57,30,0,40,,73.66,70.104,20,20/40,fillet,,,
ANSI B92.1 20/40 DP 58T 30deg (Fillet),involute,imperial,external,58,30,0,40,,74.93,71.374,20,20/40,fillet,,,
ANSI B92.1 20/40 DP 59T 30deg (Fillet),involute,imperial,external,59,30,0,40,,76.2,72.644,20,20/40,fillet,,,
ANSI B92.1 20/40 DP 60T 30deg (Fillet),involute,imperial,external,60,30,0,40,,77.47,73.914,20,20/40,fillet,,,
ANSI B92.1 20/40 DP 6T 37.5deg (Fillet),involute,imperial,external,6,37.5,0,40,,8.89,5.969,20,20/40,fillet,,,
ANSI B92.1 20/40 DP 7T 37.5deg (Fillet),involute,imperial,external,7,37.5,0,40,,10.16,7.239,20,20/40,fillet,,,
ANSI B92.1 20/40 DP 8T 37.5deg (Fillet),involute,imperial,external,8,37.5,0,40,,11.43,8.509,20,20/40,fillet,,,
ANSI B92.1 20/40 DP 9T 37.5deg (Fillet),involute,imperial,external,9,37.5,0,40,,12.7,9.779,20,20/40,fillet,,,
ANSI B92.1 20/40 DP 10T 37.5deg (Fillet),involute,imperial,external,10,37.5,0,40,,13.97,11.049,20,20/40,fillet,,,
ANSI B92.1 20/40 DP 11T 37.5deg (Fillet),involute,imperial,external,11,37.5,0,40,,15.24,12.319,20,20/40,fillet,,,
ANSI B92.1 20/40 DP 12T 37.5deg (Fillet),involute,imperial,external,12,37.5,0,40,,16.51,13.589,20,20/40,fillet,,,
ANSI B92.1 20/40 DP 13T 37.5deg (Fillet),involute,imperial,external,13,37.5,0,40,,17.78,14.859,20,20/40,fillet,,,
ANSI B92.1 20/40 DP 14T 37.5deg (Fillet),involute,imperial,external,14,37.5,0,40,,19.05,16.129,20,20/40,fillet,,,
ANSI B92.1 20/40 DP 15T 37.5deg (Fillet),involute,imperial,external,15,37.5,0,40,,20.32,17.399,20,20/40,fillet,,,
ANSI B92.1 20/40 DP 16T 37.5deg (Fillet),involute,imperial,external,16,37.5,0,40,,21.59,18.669,20,20/40,fillet,,,
ANSI B92.1 20/40 DP 17T 37.5deg (Fillet),involute,imperial,external,17,37.5,0,40,,22.86,19.939,20,20/40,fillet,,,
ANSI B92.1 20/40 DP 18T 37.5deg (Fillet),involute,imperial,external,18,37.5,0,40,,24.13,21.209,20,20/40,fillet,,,
ANSI B92.1 20/40 DP 19T 37.5deg (Fillet),involute,imperial,external,19,37.5,0,40,,25.4,22.479,20,20/40,fillet,,,
ANSI B92.1 20/40 DP 20T 37.5deg (Fillet),involute,imperial,external,20,37.5,0,40,,26.67,23.749,20,20/40,fillet,,,
ANSI B92.1 20/40 DP 21T 37.5deg (Fillet),involute,imperial,external,21,37.5,0,40,,27.94,25.019,20,20/40,fillet,,,
ANSI B92.1 20/40 DP 22T 37.5deg (Fillet),involute,imperial,external,22,37.5,0,40,,29.21,26.289,20,20/40,fillet,,,
ANSI B92.1 20/40 DP 23T 37.5deg (Fillet),involute,imperial,external,23,37.5,0,40,,30.48,27.559,20,20/40,fillet,,,
ANSI B92.1 20/40 DP 24T 37.5deg (Fillet),involute,imperial,external,24,37.5,0,40,,31.75,28.829,20,20/40,fillet,,,
ANSI B92.1 20/40 DP 25T 37.5deg (Fillet),involute,imperial,external,25,37.5,0,40,,33.02,30.099,20,20/40,fillet,,,
ANSI B92.1 20/40 DP 26T 37.5deg (Fillet),involute,imperial,external,26,37.5,0,40,,34.29,31.369,20,20/40,fillet,,,
ANSI B92.1 20/40 DP 27T 37.5deg (Fillet),involute,imperial,external,27,37.5,0,40,,35.56,32.639,20,20/40,fillet,,,
ANSI B92.1 20/40 DP 28T 37.5deg (Fillet),involute,imperial,external,28,37.5,0,40,,36.83,33.909,20,20/40,fillet,,,
ANSI B92.1 20/40 DP 29T 37.5deg (Fillet),involute,imperial,external,29,37.5,0,40,,38.1,35.179,20,20/40,fillet,,,
ANSI B92.1 20/40 DP 30T 37.5deg (Fillet),involute,imperial,external,30,37.5,0,40,,39.37,36.449,20,20/40,fillet,,,
ANSI B92.1 20/40 DP 31T 37.5deg (Fillet),involute,imperial,external,31,37.5,0,40,,40.64,37.719,20,20/40,fillet,,,
ANSI B92.1 20/40 DP 32T 37.5deg (Fillet),involute,imperial,external,32,37.5,0,40,,41.91,38.989,20,20/40,fillet,,,
ANSI B92.1 20/40 DP 33T 37.5deg (Fillet),involute,imperial,external,33,37.5,0,40,,43.18,40.259,20,20/40,fillet,,,
ANSI B92.1 20/40 DP 34T 37.5deg (Fillet),involute,imperial,external,34,37.5,0,40,,44.45,41.529,20,20/40,fillet,,,
ANSI B92.1 20/40 DP 35T 37.5deg (Fillet),involute,imperial,external,35,37.5,0,40,,45.72,42.799,20,20/40,fillet,,,
ANSI B92.1 20/40 DP 36T 37.5deg (Fillet),involute,imperial,external,36,37.5,0,40,,46.99,44.069,20,20/40,fillet,,,
ANSI B92.1 20/40 DP 37T 37.5deg (Fillet),involute,imperial,external,37,37.5,0,40,,48.26,45.339,20,20/40,fillet,,,
ANSI B92.1 20/40 DP 38T 37.5deg (Fillet),involute,imperial,external,38,37.5,0,40,,49.53,46.609,20,20/40,fillet,,,
ANSI B92.1 20/40 DP 39T 37.5deg (Fillet),involute,imperial,external,39,37.5,0,40,,50.8,47.879,20,20/40,fillet,,,
ANSI B92.1 20/40 DP 40T 37.5deg (Fillet),involute,imperial,external,40,37.5,0,40,,52.07,49.149,20,20/40,fillet,,,
ANSI B92.1 20/40 DP 41T 37.5deg (Fillet),involute,imperial,external,41,37.5,0,40,,53.34,50.419,20,20/40,fillet,,,
ANSI B92.1 20/40 DP 42T 37.5deg (Fillet),involute,imperial,external,42,37.5,0,40,,54.61,51.689,20,20/40,fillet,,,
ANSI B92.1 20/40 DP 43T 37.5deg (Fillet),involute,imperial,external,43,37.5,0,40,,55.88,52.959,20,20/40,fillet,,,
ANSI B92.1 20/40 DP 44T 37.5deg (Fillet),involute,imperial,external,44,37.5,0,40,,57.15,54.229,20,20/40,fillet,,,
ANSI B92.1 20/40 DP 45T 37.5deg (Fillet),involute,imperial,external,45,37.5,0,40,,58.42,55.499,20,20/40,fillet,,,
ANSI B92.1 20/40 DP 46T 37.5deg (Fillet),involute,imperial,external,46,37.5,0,40,,59.69,56.769,20,20/40,fillet,,,
ANSI B92.1 20/40 DP 47T 37.5deg (Fillet),involute,imperial,external,47,37.5,0,40,,60.96,58.039,20,20/40,fillet,,,
ANSI B92.1 20/40 DP 48T 37.5deg (Fillet),involute,imperial,external,48,37.5,0,40,,62.23,59.309,20,20/40,fillet,,,
ANSI B92.1 20/40 DP 49T 37.5deg (Fillet),involute,imperial,external,49,37.5,0,40,,63.5,60.579,20,20/40,fillet,,,
ANSI B92.1 20/40 DP 50T 37.5deg (Fillet),involute,imperial,external,50,37.5,0,40,,64.77,61.849,20,20/40,fillet,,,
ANSI B92.1 20/40 DP 51T 37.5deg (Fillet),involute,imperial,external,51,37.5,0,40,,66.04,63.119,20,20/40,fillet,,,
ANSI B92.1 20/40 DP 52T 37.5deg (Fillet),involute,imperial,external,52,37.5,0,40,,67.31,64.389,20,20/40,fillet,,,
ANSI B92.1 20/40 DP 53T 37.5deg (Fillet),involute,imperial,external,53,37.5,0,40,,68.58,65.659,20,20/40,fillet,,,
ANSI B92.1 20/40 DP 54T 37.5deg (Fillet),involute,imperial,external,54,37.5,0,40,,69.85,66.929,20,20/40,fillet,,,
ANSI B92.1 20/40 DP 55T 37.5deg (Fillet),involute,imperial,external,55,37.5,0,40,,71.12,68.199,20,20/40,fillet,,,
ANSI B92.1 20/40 DP 56T 37.5deg (Fillet),involute,imperial,external,56,37.5,0,40,,72.39,69.469,20,20/40,fillet,,,
ANSI B92.1 20/40 DP 57T 37.5deg (Fillet),involute,imperial,external,57,37.5,0,40,,73.66,70.739,20,20/40,fillet,,,
ANSI B92.1 20/40 DP 58T 37.5deg (Fillet),involute,imperial,external,58,37.5,0,40,,74.93,72.009,20,20/40,fillet,,,
ANSI B92.1 20/40 DP 59T 37.5deg (Fillet),involute,imperial,external,59,37.5,0,40,,76.2,73.279,20,20/40,fillet,,,
ANSI B92.1 20/40 DP 60T 37.5deg (Fillet),involute,imperial,external,60,37.5,0,40,,77.47,74.549,20,20/40,fillet,,,
ANSI B92.1 20/40 DP 6T 45deg (Fillet),involute,imperial,external,6,45,0,40,,8.89,6.35,20,20/40,fillet,,,
ANSI B92.1 20/40 DP 7T 45deg (Fillet),involute,imperial,external,7,45,0,40,,10.16,7.62,20,20/40,fillet,,,
ANSI B92.1 20/40 DP 8T 45deg (Fillet),involute,imperial,external,8,45,0,40,,11.43,8.89,20,20/40,fillet,,,
ANSI B92.1 20/40 DP 9T 45deg (Fillet),involute,imperial,external,9,45,0,40,,12.7,10.16,20,20/40,fillet,,,
ANSI B92.1 20/40 DP 10T 45deg (Fillet),involute,imperial,external,10,45,0,40,,13.97,11.43,20,20/40,fillet,,,
ANSI B92.1 20/40 DP 11T 45deg (Fillet),involute,imperial,external,11,45,0,40,,15.24,12.7,20,20/40,fillet,,,
ANSI B92.1 20/40 DP 12T 45deg (Fillet),involute,imperial,external,12,45,0,40,,16.51,13.97,20,20/40,fillet,,,
ANSI B92.1 20/40 DP 13T 45deg (Fillet),involute,imperial,external,13,45,0,40,,17.78,15.24,20,20/40,fillet,,,
ANSI B92.1 20/40 DP 14T 45deg (Fillet),involute,imperial,external,14,45,0,40,,19.05,16.51,20,20/40,fillet,,,
ANSI B92.1 20/40 DP 15T 45deg (Fillet),involute,imperial,external,15,45,0,40,,20.32,17.78,20,20/40,fillet,,,
ANSI B92.1 20/40 DP 16T 45deg (Fillet),involute,imperial,external,16,45,0,40,,21.59,19.05,20,20/40,fillet,,,
ANSI B92.1 20/40 DP 17T 45deg (Fillet),involute,imperial,external,17,45,0,40,,22.86,20.32,20,20/40,fillet,,,
ANSI B92.1 20/40 DP 18T 45deg (Fillet),involute,imperial,external,18,45,0,40,,24.13,21.59,20,20/40,fillet,,,
ANSI B92.1 20/40 DP 19T 45deg (Fillet),involute,imperial,external,19,45,0,40,,25.4,22.86,20,20/40,fillet,,,
ANSI B92.1 20/40 DP 20T 45deg (Fillet),involute,imperial,external,20,45,0,40,,26.67,24.13,20,20/40,fillet,,,
ANSI B92.1 20/40 DP 21T 45deg (Fillet),involute,imperial,external,21,45,0,40,,27.94,25.4,20,20/40,fillet,,,
ANSI B92.1 20/40 DP 22T 45deg (Fillet),involute,imperial,external,22,45,0,40,,29.21,26.67,20,20/40,fillet,,,
ANSI B92.1 20/40 DP 23T 45deg (Fillet),involute,imperial,external,23,45,0,40,,30.48,27.94,20,20/40,fillet,,,
ANSI B92.1 20/40 DP 24T 45deg (Fillet),involute,imperial,external,24,45,0,40,,31.75,29.21,20,20/40,fillet,,,
ANSI B92.1 20/40 DP 25T 45deg (Fillet),involute,imperial,external,25,45,0,40,,33.02,30.48,20,20/40,fillet,,,
ANSI B92.1 20/40 DP 26T 45deg (Fillet),involute,imperial,external,26,45,0,40,,34.29,31.75,20,20/40,fillet,,,
ANSI B92.1 20/40 DP 27T 45deg (Fillet),involute,imperial,external,27,45,0,40,,35.56,33.02,20,20/40,fillet,,,
ANSI B92.1 20/40 DP 28T 45deg (Fillet),involute,imperial,external,28,45,0,40,,36.83,34.29,20,20/40,fillet,,,
ANSI B92.1 20/40 DP 29T 45deg (Fillet),involute,imperial,external,29,45,0,40,,38.1,35.56,20,20/40,fillet,,,
ANSI B92.1 20/40 DP 30T 45deg (Fillet),involute,imperial,external,30,45,0,40,,39.37,36.83,20,20/40,fillet,,,
ANSI B92.1 20/40 DP 31T 45deg (Fillet),involute,imperial,external,31,45,0,40,,40.64,38.1,20,20/40,fillet,,,
ANSI B92.1 20/40 DP 32T 45deg (Fillet),involute,imperial,external,32,45,0,40,,41.91,39.37,20,20/40,fillet,,,
ANSI B92.1 20/40 DP 33T 45deg (Fillet),involute,imperial,external,33,45,0,40,,43.18,40.64,20,20/40,fillet,,,
ANSI B92.1 20/40 DP 34T 45deg (Fillet),involute,imperial,external,34,45,0,40,,44.45,41.91,20,20/40,fillet,,,
ANSI B92.1 20/40 DP 35T 45deg (Fillet),involute,imperial,external,35,45,0,40,,45.72,43.18,20,20/40,fillet,,,
ANSI B92.1 20/40 DP 36T 45deg (Fillet),involute,imperial,external,36,45,0,40,,46.99,44.45,20,20/40,fillet,,,
ANSI B92.1 20/40 DP 37T 45deg (Fillet),involute,imperial,external,37,45,0,40,,48.26,45.72,20,20/40,fillet,,,
ANSI B92.1 20/40 DP 38T 45deg (Fillet),involute,imperial,external,38,45,0,40,,49.53,46.99,20,20/40,fillet,,,
ANSI B92.1 20/40 DP 39T 45deg (Fillet),involute,imperial,external,39,45,0,40,,50.8,48.26,20,20/40,fillet,,,
ANSI B92.1 20/40 DP 40T 45deg (Fillet),involute,imperial,external,40,45,0,40,,52.07,49.53,20,20/40,fillet,,,
ANSI B92.1 20/40 DP 41T 45deg (Fillet),involute,imperial,external,41,45,0,40,,53.34,50.8,20,20/40,fillet,,,
ANSI B92.1 20/40 DP 42T 45deg (Fillet),involute,imperial,external,42,45,0,40,,54.61,52.07,20,20/40,fillet,,,
ANSI B92.1 20/40 DP 43T 45deg (Fillet),involute,imperial,external,43,45,0,40,,55.88,53.34,20,20/40,fillet,,,
ANSI B92.1 20/40 DP 44T 45deg (Fillet),involute,imperial,external,44,45,0,40,,57.15,54.61,20,20/40,fillet,,,
ANSI B92.1 20/40 DP 45T 45deg (Fillet),involute,imperial,external,45,45,0,40,,58.42,55.88,20,20/40,fillet,,,
ANSI B92.1 20/40 DP 46T 45deg (Fillet),involute,imperial,external,46,45,0,40,,59.69,57.15,20,20/40,fillet,,,
ANSI B92.1 20/40 DP 47T 45deg (Fillet),involute,imperial,external,47,45,0,40,,60.96,58.42,20,20/40,fillet,,,
ANSI B92.1 20/40 DP 48T 45deg (Fillet),involute,imperial,external,48,45,0,40,,62.23,59.69,20,20/40,fillet,,,
ANSI B92.1 20/40 DP 49T 45deg (Fillet),involute,imperial,external,49,45,0,40,,63.5,60.96,20,20/40,fillet,,,
ANSI B92.1 20/40 DP 50T 45deg (Fillet),involute,imperial,external,50,45,0,40,,64.77,62.23,20,20/40,fillet,,,
ANSI B92.1 20/40 DP 51T 45deg (Fillet),involute,imperial,external,51,45,0,40,,66.04,63.5,20,20/40,fillet,,,
ANSI B92.1 20/40 DP 52T 45deg (Fillet),involute,imperial,external,52,45,0,40,,67.31,64.77,20,20/40,fillet,,,
ANSI B92.1 20/40 DP 53T 45deg (Fillet),involute,imperial,external,53,45,0,40,,68.58,66.04,20,20/40,fillet,,,
ANSI B92.1 20/40 DP 54T 45deg (Fillet),involute,imperial,external,54,45,0,40,,69.85,67.31,20,20/40,fillet,,,
ANSI B92.1 20/40 DP 55T 45deg (Fillet),involute,imperial,external,55,45,0,40,,71.12,68.58,20,20/40,fillet,,,
ANSI B92.1 20/40 DP 56T 45deg (Fillet),involute,imperial,external,56,45,0,40,,72.39,69.85,20,20/40,fillet,,,
ANSI B92.1 20/40 DP 57T 45deg (Fillet),involute,imperial,external,57,45,0,40,,73.66,71.12,20,20/40,fillet,,,
ANSI B92.1 20/40 DP 58T 45deg (Fillet),involute,imperial,external,58,45,0,40,,74.93,72.39,20,20/40,fillet,,,
ANSI B92.1 20/40 DP 59T 45deg (Fillet),involute,imperial,external,59,45,0,40,,76.2,73.66,20,20/40,fillet,,,
ANSI B92.1 20/40 DP 60T 45deg (Fillet),involute,imperial,external,60,45,0,40,,77.47,74.93,20,20/40,fillet,,,
ANSI B92.1 24/48 DP 8T 30deg,involute,imperial,external,8,30,0,40,,9.525,6.35,24,24/48,flat,,,
ANSI B92.1 24/48 DP 9T 30deg,involute,imperial,external,9,30,0,40,,10.5833,7.40834,24,24/48,flat,,,
ANSI B92.1 24/48 DP 10T 30deg,involute,imperial,external,10,30,0,40,,11.6417,8.46666,24,24/48,flat,,,
ANSI B92.1 24/48 DP 11T 30deg,involute,imperial,external,11,30,0,40,,12.7,9.525,24,24/48,flat,,,
ANSI B92.1 24/48 DP 12T 30deg,involute,imperial,external,12,30,0,40,,13.7583,10.5833,24,24/48,flat,,,
ANSI B92.1 24/48 DP 13T 30deg,involute,imperial,external,13,30,0,40,,14.8167,11.6417,24,24/48,flat,,,
ANSI B92.1 24/48 DP 14T 30deg,involute,imperial,external,14,30,0,40,,15.875,12.7,24,24/48,flat,,,
ANSI B92.1 24/48 DP 15T 30deg,involute,imperial,external,15,30,0,40,,16.9333,13.7583,24,24/48,flat,,,
ANSI B92.1 24/48 DP 16T 30deg,involute,imperial,external,16,30,0,40,,17.9917,14.8167,24,24/48,flat,,,
ANSI B92.1 24/48 DP 17T 30deg,involute,imperial,external,17,30,0,40,,19.05,15.875,24,24/48,flat,,,
ANSI B92.1 24/48 DP 18T 30deg,involute,imperial,external,18,30,0,40,,20.1083,16.9333,24,24/48,flat,,,
ANSI B92.1 24/48 DP 19T 30deg,involute,imperial,external,19,30,0,40,,21.1667,17.9917,24,24/48,flat,,,
ANSI B92.1 24/48 DP 20T 30deg,involute,imperial,external,20,30,0,40,,22.225,19.05,24,24/48,flat,,,
ANSI B92.1 24/48 DP 21T 30deg,involute,imperial,external,21,30,0,40,,23.2833,20.1083,24,24/48,flat,,,
ANSI B92.1 24/48 DP 22T 30deg,involute,imperial,external,22,30,0,40,,24.3417,21.1667,24,24/48,flat,,,
ANSI B92.1 24/48 DP 23T 30deg,involute,imperial,external,23,30,0,40,,25.4,22.225,24,24/48,flat,,,
ANSI B92.1 24/48 DP 24T 30deg,involute,imperial,external,24,30,0,40,,26.4583,23.2833,24,24/48,flat,,,
ANSI B92.1 24/48 DP 25T 30deg,involute,imperial,external,25,30,0,40,,27.5167,24.3417,24,24/48,flat,,,
ANSI B92.1 24/48 DP 26T 30deg,involute,imperial,external,26,30,0,40,,28.575,25.4,24,24/48,flat,,,
ANSI B92.1 24/48 DP 27T 30deg,involute,imperial,external,27,30,0,40,,29.6333,26.4583,24,24/48,flat,,,
ANSI B92.1 24/48 DP 28T 30deg,involute,imperial,external,28,30,0,40,,30.6917,27.5167,24,24/48,flat,,,
ANSI B92.1 24/48 DP 29T 30deg,involute,imperial,external,29,30,0,40,,31.75,28.575,24,24/48,flat,,,
ANSI B92.1 24/48 DP 30T 30deg,involute,imperial,external,30,30,0,40,,32.8083,29.6333,24,24/48,flat,,,
ANSI B92.1 24/48 DP 31T 30deg,involute,imperial,external,31,30,0,40,,33.8667,30.6917,24,24/48,flat,,,
ANSI B92.1 24/48 DP 32T 30deg,involute,imperial,external,32,30,0,40,,34.925,31.75,24,24/48,flat,,,
ANSI B92.1 24/48 DP 33T 30deg,involute,imperial,external,33,30,0,40,,35.9833,32.8083,24,24/48,flat,,,
ANSI B92.1 24/48 DP 34T 30deg,involute,imperial,external,34,30,0,40,,37.0417,33.8667,24,24/48,flat,,,
ANSI B92.1 24/48 DP 35T 30deg,involute,imperial,external,35,30,0,40,,38.1,34.925,24,24/48,flat,,,
ANSI B92.1 24/48 DP 36T 30deg,involute,imperial,external,36,30,0,40,,39.1583,35.9833,24,24/48,flat,,,
ANSI B92.1 24/48 DP 37T 30deg,involute,imperial,external,37,30,0,40,,40.2167,37.0417,24,24/48,flat,,,
ANSI B92.1 24/48 DP 38T 30deg,involute,imperial,external,38,30,0,40,,41.275,38.1,24,24/48,flat,,,
ANSI B92.1 24/48 DP 39T 30deg,involute,imperial,external,39,30,0,40,,42.3333,39.1583,24,24/48,flat,,,
ANSI B92.1 24/48 DP 40T 30deg,involute,imperial,external,40,30,0,40,,43.3917,40.2167,24,24/48,flat,,,
ANSI B92.1 24/48 DP 41T 30deg,involute,imperial,external,41,30,0,40,,44.45,41.275,24,24/48,flat,,,
ANSI B92.1 24/48 DP 42T 30deg,involute,imperial,external,42,30,0,40,,45.5083,42.3333,24,24/48,flat,,,
ANSI B92.1 24/48 DP 43T 30deg,involute,imperial,external,43,30,0,40,,46.5667,43.3917,24,24/48,flat,,,
ANSI B92.1 24/48 DP 44T 30deg,involute,imperial,external,44,30,0,40,,47.625,44.45,24,24/48,flat,,,
ANSI B92.1 24/48 DP 45T 30deg,involute,imperial,external,45,30,0,40,,48.6833,45.5083,24,24/48,flat,,,
ANSI B92.1 24/48 DP 46T 30deg,involute,imperial,external,46,30,0,40,,49.7417,46.5667,24,24/48,flat,,,
ANSI B92.1 24/48 DP 47T 30deg,involute,imperial,external,47,30,0,40,,50.8,47.625,24,24/48,flat,,,
ANSI B92.1 24/48 DP 48T 30deg,involute,imperial,external,48,30,0,40,,51.8583,48.6833,24,24/48,flat,,,
ANSI B92.1 24/48 DP 49T 30deg,involute,imperial,external,49,30,0,40,,52.9167,49.7417,24,24/48,flat,,,
ANSI B92.1 24/48 DP 50T 30deg,involute,imperial,external,50,30,0,40,,53.975,50.8,24,24/48,flat,,,
ANSI B92.1 24/48 DP 51T 30deg,involute,imperial,external,51,30,0,40,,55.0333,51.8583,24,24/48,flat,,,
ANSI B92.1 24/48 DP 52T 30deg,involute,imperial,external,52,30,0,40,,56.0917,52.9167,24,24/48,flat,,,
ANSI B92.1 24/48 DP 53T 30deg,involute,imperial,external,53,30,0,40,,57.15,53.975,24,24/48,flat,,,
ANSI B92.1 24/48 DP 54T 30deg,involute,imperial,external,54,30,0,40,,58.2083,55.0333,24,24/48,flat,,,
ANSI B92.1 24/48 DP 55T 30deg,involute,imperial,external,55,30,0,40,,59.2667,56.0917,24,24/48,flat,,,
ANSI B92.1 24/48 DP 56T 30deg,involute,imperial,external,56,30,0,40,,60.325,57.15,24,24/48,flat,,,
ANSI B92.1 24/48 DP 57T 30deg,involute,imperial,external,57,30,0,40,,61.3833,58.2083,24,24/48,flat,,,
ANSI B92.1 24/48 DP 58T 30deg,involute,imperial,external,58,30,0,40,,62.4417,59.2667,24,24/48,flat,,,
ANSI B92.1 24/48 DP 59T 30deg,involute,imperial,external,59,30,0,40,,63.5,60.325,24,24/48,flat,,,
ANSI B92.1 24/48 DP 60T 30deg,involute,imperial,external,60,30,0,40,,64.5583,61.3833,24,24/48,flat,,,
ANSI B92.1 24/48 DP 8T 30deg (Fillet),involute,imperial,external,8,30,0,40,,9.525,6.56166,24,24/48,fillet,,,
ANSI B92.1 24/48 DP 9T 30deg (Fillet),involute,imperial,external,9,30,0,40,,10.5833,7.62,24,24/48,fillet,,,
ANSI B92.1 24/48 DP 10T 30deg (Fillet),involute,imperial,external,10,30,0,40,,11.6417,8.67834,24,24/48,fillet,,,
ANSI B92.1 24/48 DP 11T 30deg (Fillet),involute,imperial,external,11,30,0,40,,12.7,9.73666,24,24/48,fillet,,,
ANSI B92.1 24/48 DP 12T 30deg (Fillet),involute,imperial,external,12,30,0,40,,13.7583,10.795,24,24/48,fillet,,,
ANSI B92.1 24/48 DP 13T 30deg (Fillet),involute,imperial,external,13,30,0,40,,14.8167,11.8533,24,24/48,fillet,,,
ANSI B92.1 24/48 DP 14T 30deg (Fillet),involute,imperial,external,14,30,0,40,,15.875,12.9117,24,24/48,fillet,,,
ANSI B92.1 24/48 DP 15T 30deg (Fillet),involute,imperial,external,15,30,0,40,,16.9333,13.97,24,24/48,fillet,,,
ANSI B92.1 24/48 DP 16T 30deg (Fillet),involute,imperial,external,16,30,0,40,,17.9917,15.0283,24,24/48,fillet,,,
ANSI B92.1 24/48 DP 17T 30deg (Fillet),involute,imperial,external,17,30,0,40,,19.05,16.0867,24,24/48,fillet,,,
ANSI B92.1 24/48 DP 18T 30deg (Fillet),involute,imperial,external,18,30,0,40,,20.1083,17.145,24,24/48,fillet,,,
ANSI B92.1 24/48 DP 19T 30deg (Fillet),involute,imperial,external,19,30,0,40,,21.1667,18.2033,24,24/48,fillet,,,
ANSI B92.1 24/48 DP 20T 30deg (Fillet),involute,imperial,external,20,30,0,40,,22.225,19.2617,24,24/48,fillet,,,
ANSI B92.1 24/48 DP 21T 30deg (Fillet),involute,imperial,external,21,30,0,40,,23.2833,20.32,24,24/48,fillet,,,
ANSI B92.1 24/48 DP 22T 30deg (Fillet),involute,imperial,external,22,30,0,40,,24.3417,21.3783,24,24/48,fillet,,,
ANSI B92.1 24/48 DP 23T 30deg (Fillet),involute,imperial,external,23,30,0,40,,25.4,22.4367,24,24/48,fillet,,,
ANSI B92.1 24/48 DP 24T 30deg (Fillet),involute,imperial,external,24,30,0,40,,26.4583,23.495,24,24/48,fillet,,,
ANSI B92.1 24/48 DP 25T 30deg (Fillet),involute,imperial,external,25,30,0,40,,27.5167,24.5533,24,24/48,fillet,,,
ANSI B92.1 24/48 DP 26T 30deg (Fillet),involute,imperial,external,26,30,0,40,,28.575,25.6117,24,24/48,fillet,,,
ANSI B92.1 24/48 DP 27T 30deg (Fillet),involute,imperial,external,27,30,0,40,,29.6333,26.67,24,24/48,fillet,,,
ANSI B92.1 24/48 DP 28T 30deg (Fillet),involute,imperial,external,28,30,0,40,,30.6917,27.7283,24,24/48,fillet,,,
ANSI B92.1 24/48 DP 29T 30deg (Fillet),involute,imperial,external,29,30,0,40,,31.75,28.7867,24,24/48,fillet,,,
ANSI B92.1 24/48 DP 30T 30deg (Fillet),involute,imperial,external,30,30,0,40,,32.8083,29.845,24,24/48,fillet,,,
ANSI B92.1 24/48 DP 31T 30deg (Fillet),involute,imperial,external,31,30,0,40,,33.8667,30.9033,24,24/48,fillet,,,
ANSI B92.1 24/48 DP 32T 30deg (Fillet),involute,imperial,external,32,30,0,40,,34.925,31.9617,24,24/48,fillet,,,
ANSI B92.1 24/48 DP 33T 30deg (Fillet),involute,imperial,external,33,30,0,40,,35.9833,33.02,24,24/48,fillet,,,
ANSI B92.1 24/48 DP 34T 30deg (Fillet),involute,imperial,external,34,30,0,40,,37.0417,34.0783,24,24/48,fillet,,,
ANSI B92.1 24/48 DP 35T 30deg (Fillet),involute,imperial,external,35,30,0,40,,38.1,35.1367,24,24/48,fillet,,,
ANSI B92.1 24/48 DP 36T 30deg (Fillet),involute,imperial,external,36,30,0,40,,39.1583,36.195,24,24/48,fillet,,,
ANSI B92.1 24/48 DP 37T 30deg (Fillet),involute,imperial,external,37,30,0,40,,40.2167,37.2533,24,24/48,fillet,,,
ANSI B92.1 24/48 DP 38T 30deg (Fillet),involute,imperial,external,38,30,0,40,,41.275,38.3117,24,24/48,fillet,,,
ANSI B92.1 24/48 DP 39T 30deg (Fillet),involute,imperial,external,39,30,0,40,,42.3333,39.37,24,24/48,fillet,,,
ANSI B92.1 24/48 DP 40T 30deg (Fillet),involute,imperial,external,40,30,0,40,,43.3917,40.4283,24,24/48,fillet,,,
ANSI B92.1 24/48 DP 41T 30deg (Fillet),involute,imperial,external,41,30,0,40,,44.45,41.4867,24,24/48,fillet,,,
ANSI B92.1 24/48 DP 42T 30deg (Fillet),involute,imperial,external,42,30,0,40,,45.5083,42.545,24,24/48,fillet,,,
ANSI B92.1 24/48 DP 43T 30deg (Fillet),involute,imperial,external,43,30,0,40,,46.5667,43.6033,24,24/48,fillet,,,
ANSI B92.1 24/48 DP 44T 30deg (Fillet),involute,imperial,external,44,30,0,40,,47.625,44.6617,24,24/48,fillet,,,
ANSI B92.1 24/48 DP 45T 30deg (Fillet),involute,imperial,external,45,30,0,40,,48.6833,45.72,24,24/48,fillet,,,
ANSI B92.1 24/48 DP 46T 30deg (Fillet),involute,imperial,external,46,30,0,40,,49.7417,46.7783,24,24/48,fillet,,,
ANSI B92.1 24/48 DP 47T 30deg (Fillet),involute,imperial,external,47,30,0,40,,50.8,47.8367,24,24/48,fillet,,,
ANSI B92.1 24/48 DP 48T 30deg (Fillet),involute,imperial,external,48,30,0,40,,51.8583,48.895,24,24/48,fillet,,,
ANSI B92.1 24/48 DP 49T 30deg (Fillet),involute,imperial,external,49,30,0,40,,52.9167,49.9533,24,24/48,fillet,,,
ANSI B92.1 24/48 DP 50T 30deg (Fillet),involute,imperial,external,50,30,0,40,,53.975,51.0117,24,24/48,fillet,,,
ANSI B92.1 24/48 DP 51T 30deg (Fillet),involute,imperial,external,51,30,0,40,,55.0333,52.07,24,24/48,fillet,,,
ANSI B92.1 24/48 DP 52T 30deg (Fillet),involute,imperial,external,52,30,0,40,,56.0917,53.1283,24,24/48,fillet,,,
ANSI B92.1 24/48 DP 53T 30deg (Fillet),involute,imperial,external,53,30,0,40,,57.15,54.1867,24,24/48,fillet,,,
ANSI B92.1 24/48 DP 54T 30deg (Fillet),involute,imperial,external,54,30,0,40,,58.2083,55.245,24,24/48,fillet,,,
ANSI B92.1 24/48 DP 55T 30deg (Fillet),involute,imperial,external,55,30,0,40,,59.2667,56.3033,24,24/48,fillet,,,
ANSI B92.1 24/48 DP 56T 30deg (Fillet),involute,imperial,external,56,30,0,40,,60.325,57.3617,24,24/48,fillet,,,
ANSI B92.1 24/48 DP 57T 30deg (Fillet),involute,imperial,external,57,30,0,40,,61.3833,58.42,24,24/48,fillet,,,
ANSI B92.1 24/48 DP 58T 30deg (Fillet),involute,imperial,external,58,30,0,40,,62.4417,59.4783,24,24/48,fillet,,,
ANSI B92.1 24/48 DP 59T 30deg (Fillet),involute,imperial,external,59,30,0,40,,63.5,60.5367,24,24/48,fillet,,,
ANSI B92.1 24/48 DP 60T 30deg (Fillet),involute,imperial,external,60,30,0,40,,64.5583,61.595,24,24/48,fillet,,,
ANSI B92.1 24/48 DP 8T 37.5deg (Fillet),involute,imperial,external,8,37.5,0,40,,9.525,7.09084,24,24/48,fillet,,,
ANSI B92.1 24/48 DP 9T 37.5deg (Fillet),involute,imperial,external,9,37.5,0,40,,10.5833,8.14916,24,24/48,fillet,,,
ANSI B92.1 24/48 DP 10T 37.5deg (Fillet),involute,imperial,external,10,37.5,0,40,,11.6417,9.2075,24,24/48,fillet,,,
ANSI B92.1 24/48 DP 11T 37.5deg (Fillet),involute,imperial,external,11,37.5,0,40,,12.7,10.2658,24,24/48,fillet,,,
ANSI B92.1 24/48 DP 12T 37.5deg (Fillet),involute,imperial,external,12,37.5,0,40,,13.7583,11.3242,24,24/48,fillet,,,
ANSI B92.1 24/48 DP 13T 37.5deg (Fillet),involute,imperial,external,13,37.5,0,40,,14.8167,12.3825,24,24/48,fillet,,,
ANSI B92.1 24/48 DP 14T 37.5deg (Fillet),involute,imperial,external,14,37.5,0,40,,15.875,13.4408,24,24/48,fillet,,,
ANSI B92.1 24/48 DP 15T 37.5deg (Fillet),involute,imperial,external,15,37.5,0,40,,16.9333,14.4992,24,24/48,fillet,,,
ANSI B92.1 24/48 DP 16T 37.5deg (Fillet),involute,imperial,external,16,37.5,0,40,,17.9917,15.5575,24,24/48,fillet,,,
ANSI B92.1 24/48 DP 17T 37.5deg (Fillet),involute,imperial,external,17,37.5,0,40,,19.05,16.6158,24,24/48,fillet,,,
ANSI B92.1 24/48 DP 18T 37.5deg (Fillet),involute,imperial,external,18,37.5,0,40,,20.1083,17.6742,24,24/48,fillet,,,
ANSI B92.1 24/48 DP 19T 37.5deg (Fillet),involute,imperial,external,19,37.5,0,40,,21.1667,18.7325,24,24/48,fillet,,,
ANSI B92.1 24/48 DP 20T 37.5deg (Fillet),involute,imperial,external,20,37.5,0,40,,22.225,19.7908,24,24/48,fillet,,,
ANSI B92.1 24/48 DP 21T 37.5deg (Fillet),involute,imperial,external,21,37.5,0,40,,23.2833,20.8492,24,24/48,fillet,,,
ANSI B92.1 24/48 DP 22T 37.5deg (Fillet),involute,imperial,external,22,37.5,0,40,,24.3417,21.9075,24,24/48,fillet,,,
ANSI B92.1 24/48 DP 23T 37.5deg (Fillet),involute,imperial,external,23,37.5,0,40,,25.4,22.9658,24,24/48,fillet,,,
ANSI B92.1 24/48 DP 24T 37.5deg (Fillet),involute,imperial,external,24,37.5,0,40,,26.4583,24.0242,24,24/48,fillet,,,
ANSI B92.1 24/48 DP 25T 37.5deg (Fillet),involute,imperial,external,25,37.5,0,40,,27.5167,25.0825,24,24/48,fillet,,,
ANSI B92.1 24/48 DP 26T 37.5deg (Fillet),involute,imperial,external,26,37.5,0,40,,28.575,26.1408,24,24/48,fillet,,,
ANSI B92.1 24/48 DP 27T 37.5deg (Fillet),involute,imperial,external,27,37.5,0,40,,29.6333,27.1992,24,24/48,fillet,,,
ANSI B92.1 24/48 DP 28T 37.5deg (Fillet),involute,imperial,external,28,37.5,0,40,,30.6917,28.2575,24,24/48,fillet,,,
ANSI B92.1 24/48 DP 29T 37.5deg (Fillet),involute,imperial,external,29,37.5,0,40,,31.75,29.3158,24,24/48,fillet,,,
ANSI B92.1 24/48 DP 30T 37.5deg (Fillet),involute,imperial,external,30,37.5,0,40,,32.8083,30.3742,24,24/48,fillet,,,
ANSI B92.1 24/48 DP 31T 37.5deg (Fillet),involute,imperial,external,31,37.5,0,40,,33.8667,31.4325,24,24/48,fillet,,,
ANSI B92.1 24/48 DP 32T 37.5deg (Fillet),involute,imperial,external,32,37.5,0,40,,34.925,32.4908,24,24/48,fillet,,,
ANSI B92.1 24/48 DP 33T 37.5deg (Fillet),involute,imperial,external,33,37.5,0,40,,35.9833,33.5492,24,24/48,fillet,,,
ANSI B92.1 24/48 DP 34T 37.5deg (Fillet),involute,imperial,external,34,37.5,0,40,,37.0417,34.6075,24,24/48,fillet,,,
ANSI B92.1 24/48 DP 35T 37.5deg (Fillet),involute,imperial,external,35,37.5,0,40,,38.1,35.6658,24,24/48,fillet,,,
ANSI B92.1 24/48 DP 36T 37.5deg (Fillet),involute,imperial,external,36,37.5,0,40,,39.1583,36.7242,24,24/48,fillet,,,
ANSI B92.1 24/48 DP 37T 37.5deg (Fillet),involute,imperial,external,37,37.5,0,40,,40.2167,37.7825,24,24/48,fillet,,,
ANSI B92.1 24/48 DP 38T 37.5deg (Fillet),involute,imperial,external,38,37.5,0,40,,41.275,38.8408,24,24/48,fillet,,,
ANSI B92.1 24/48 DP 39T 37.5deg (Fillet),involute,imperial,external,39,37.5,0,40,,42.3333,39.8992,24,24/48,fillet,,,
ANSI B92.1 24/48 DP 40T 37.5deg (Fillet),involute,imperial,external,40,37.5,0,40,,43.3917,40.9575,24,24/48,fillet,,,
ANSI B92.1 24/48 DP 41T 37.5deg (Fillet),involute,imperial,external,41,37.5,0,40,,44.45,42.0158,24,24/48,fillet,,,
ANSI B92.1 24/48 DP 42T 37.5deg (Fillet),involute,imperial,external,42,37.5,0,40,,45.5083,43.0742,24,24/48,fillet,,,
ANSI B92.1 24/48 DP 43T 37.5deg (Fillet),involute,imperial,external,43,37.5,0,40,,46.5667,44.1325,24,24/48,fillet,,,
ANSI B92.1 24/48 DP 44T 37.5deg (Fillet),involute,imperial,external,44,37.5,0,40,,47.625,45.1908,24,24/48,fillet,,,
ANSI B92.1 24/48 DP 45T 37.5deg (Fillet),involute,imperial,external,45,37.5,0,40,,48.6833,46.2492,24,24/48,fillet,,,
ANSI B92.1 24/48 DP 46T 37.5deg (Fillet),involute,imperial,external,46,37.5,0,40,,49.7417,47.3075,24,24/48,fillet,,,
ANSI B92.1 24/48 DP 47T 37.5deg (Fillet),involute,imperial,external,47,37.5,0,40,,50.8,48.3658,24,24/48,fillet,,,
ANSI B92.1 24/48 DP 48T 37.5deg (Fillet),involute,imperial,external,48,37.5,0,40,,51.8583,49.4242,24,24/48,fillet,,,
ANSI B92.1 24/48 DP 49T 37.5deg (Fillet),involute,imperial,external,49,37.5,0,40,,52.9167,50.4825,24,24/48,fillet,,,
ANSI B92.1 24/48 DP 50T 37.5deg (Fillet),involute,imperial,external,50,37.5,0,40,,53.975,51.5408,24,24/48,fillet,,,
ANSI B92.1 24/48 DP 51T 37.5deg (Fillet),involute,imperial,external,51,37.5,0,40,,55.0333,52.5992,24,24/48,fillet,,,
ANSI B92.1 24/48 DP 52T 37.5deg (Fillet),involute,imperial,external,52,37.5,0,40,,56.0917,53.6575,24,24/48,fillet,,,
ANSI B92.1 24/48 DP 53T 37.5deg (Fillet),involute,imperial,external,53,37.5,0,40,,57.15,54.7158,24,24/48,fillet,,,
ANSI B92.1 24/48 DP 54T 37.5deg (Fillet),involute,imperial,external,54,37.5,0,40,,58.2083,55.7742,24,24/48,fillet,,,
ANSI B92.1 24/48 DP 55T 37.5deg (Fillet),involute,imperial,external,55,37.5,0,40,,59.2667,56.8325,24,24/48,fillet,,,
ANSI B92.1 24/48 DP 56T 37.5deg (Fillet),involute,imperial,external,56,37.5,0,40,,60.325,57.8908,24,24/48,fillet,,,
ANSI B92.1 24/48 DP 57T 37.5deg (Fillet),involute,imperial,external,57,37.5,0,40,,61.3833,58.9492,24,24/48,fillet,,,
ANSI B92.1 24/48 DP 58T 37.5deg (Fillet),involute,imperial,external,58,37.5,0,40,,62.4417,60.0075,24,24/48,fillet,,,
ANSI B92.1 24/48 DP 59T 37.5deg (Fillet),involute,imperial,external,59,37.5,0,40,,63.5,61.0658,24,24/48,fillet,,,
ANSI B92.1 24/48 DP 60T 37.5deg (Fillet),involute,imperial,external,60,37.5,0,40,,64.5583,62.1242,24,24/48,fillet,,,
ANSI B92.1 24/48 DP 8T 45deg (Fillet),involute,imperial,external,8,45,0,40,,9.525,7.40834,24,24/48,fillet,,,
ANSI B92.1 24/48 DP 9T 45deg (Fillet),involute,imperial,external,9,45,0,40,,10.5833,8.46666,24,24/48,fillet,,,
ANSI B92.1 24/48 DP 10T 45deg (Fillet),involute,imperial,external,10,45,0,40,,11.6417,9.525,24,24/48,fillet,,,
ANSI B92.1 24/48 DP 11T 45deg (Fillet),involute,imperial,external,11,45,0,40,,12.7,10.5833,24,24/48,fillet,,,
ANSI B92.1 24/48 DP 12T 45deg (Fillet),involute,imperial,external,12,45,0,40,,13.7583,11.6417,24,24/48,fillet,,,
ANSI B92.1 24/48 DP 13T 45deg (Fillet),involute,imperial,external,13,45,0,40,,14.8167,12.7,24,24/48,fillet,,,
ANSI B92.1 24/48 DP 14T 45deg (Fillet),involute,imperial,external,14,45,0,40,,15.875,13.7583,24,24/48,fillet,,,
ANSI B92.1 24/48 DP 15T 45deg (Fillet),involute,imperial,external,15,45,0,40,,16.9333,14.8167,24,24/48,fillet,,,
ANSI B92.1 24/48 DP 16T 45deg (Fillet),involute,imperial,external,16,45,0,40,,17.9917,15.875,24,24/48,fillet,,,
ANSI B92.1 24/48 DP 17T 45deg (Fillet),involute,imperial,external,17,45,0,40,,19.05,16.9333,24,24/48,fillet,,,
ANSI B92.1 24/48 DP 18T 45deg (Fillet),involute,imperial,external,18,45,0,40,,20.1083,17.9917,24,24/48,fillet,,,
ANSI B92.1 24/48 DP 19T 45deg (Fillet),involute,imperial,external,19,45,0,40,,21.1667,19.05,24,24/48,fillet,,,
ANSI B92.1 24/48 DP 20T 45deg (Fillet),involute,imperial,external,20,45,0,40,,22.225,20.1083,24,24/48,fillet,,,
ANSI B92.1 24/48 DP 21T 45deg (Fillet),involute,imperial,external,21,45,0,40,,23.2833,21.1667,24,24/48,fillet,,,
ANSI B92.1 24/48 DP 22T 45deg (Fillet),involute,imperial,external,22,45,0,40,,24.3417,22.225,24,24/48,fillet,,,
ANSI B92.1 24/48 DP 23T 45deg (Fillet),involute,imperial,external,23,45,0,40,,25.4,23.2833,24,24/48,fillet,,,
ANSI B92.1 24/48 DP 24T 45deg (Fillet),involute,imperial,external,24,45,0,40,,26.4583,24.3417,24,24/48,fillet,,,
ANSI B92.1 24/48 DP 25T 45deg (Fillet),involute,imperial,external,25,45,0,40,,27.5167,25.4,24,24/48,fillet,,,
ANSI B92.1 24/48 DP 26T 45deg (Fillet),involute,imperial,external,26,45,0,40,,28.575,26.4583,24,24/48,fillet,,,
ANSI B92.1 24/48 DP 27T 45deg (Fillet),involute,imperial,external,27,45,0,40,,29.6333,27.5167,24,24/48,fillet,,,
ANSI B92.1 24/48 DP 28T 45deg (Fillet),involute,imperial,external,28,45,0,40,,30.6917,28.575,24,24/48,fillet,,,
ANSI B92.1 24/48 DP 29T 45deg (Fillet),involute,imperial,external,29,45,0,40,,31.75,29.6333,24,24/48,fillet,,,
ANSI B92.1 24/48 DP 30T 45deg (Fillet),involute,imperial,external,30,45,0,40,,32.8083,30.6917,24,24/48,fillet,,,
ANSI B92.1 24/48 DP 31T 45deg (Fillet),involute,imperial,external,31,45,0,40,,33.8667,31.75,24,24/48,fillet,,,
ANSI B92.1 24/48 DP 32T 45deg (Fillet),involute,imperial,external,32,45,0,40,,34.925,32.8083,24,24/48,fillet,,,
ANSI B92.1 24/48 DP 33T 45deg (Fillet),involute,imperial,external,33,45,0,40,,35.9833,33.8667,24,24/48,fillet,,,
ANSI B92.1 24/48 DP 34T 45deg (Fillet),involute,imperial,external,34,45,0,40,,37.0417,34.925,24,24/48,fillet,,,
ANSI B92.1 24/48 DP 35T 45deg (Fillet),involute,imperial,external,35,45,0,40,,38.1,35.9833,24,24/48,fillet,,,
ANSI B92.1 24/48 DP 36T 45deg (Fillet),involute,imperial,external,36,45,0,40,,39.1583,37.0417,24,24/48,fillet,,,
ANSI B92.1 24/48 DP 37T 45deg (Fillet),involute,imperial,external,37,45,0,40,,40.2167,38.1,24,24/48,fillet,,,
ANSI B92.1 24/48 DP 38T 45deg (Fillet),involute,imperial,external,38,45,0,40,,41.275,39.1583,24,24/48,fillet,,,
ANSI B92.1 24/48 DP 39T 45deg (Fillet),involute,imperial,external,39,45,0,40,,42.3333,40.2167,24,24/48,fillet,,,
ANSI B92.1 24/48 DP 40T 45deg (Fillet),involute,imperial,external,40,45,0,40,,43.3917,41.275,24,24/48,fillet,,,
ANSI B92.1 24/48 DP 41T 45deg (Fillet),involute,imperial,external,41,45,0,40,,44.45,42.3333,24,24/48,fillet,,,
ANSI B92.1 24/48 DP 42T 45deg (Fillet),involute,imperial,external,42,45,0,40,,45.5083,43.3917,24,24/48,fillet,,,
ANSI B92.1 24/48 DP 43T 45deg (Fillet),involute,imperial,external,43,45,0,40,,46.5667,44.45,24,24/48,fillet,,,
ANSI B92.1 24/48 DP 44T 45deg (Fillet),involute,imperial,external,44,45,0,40,,47.625,45.5083,24,24/48,fillet,,,
ANSI B92.1 24/48 DP 45T 45deg (Fillet),involute,imperial,external,45,45,0,40,,48.6833,46.5667,24,24/48,fillet,,,
ANSI B92.1 24/48 DP 46T 45deg (Fillet),involute,imperial,external,46,45,0,40,,49.7417,47.625,24,24/48,fillet,,,
ANSI B92.1 24/48 DP 47T 45deg (Fillet),involute,imperial,external,47,45,0,40,,50.8,48.6833,24,24/48,fillet,,,
ANSI B92.1 24/48 DP 48T 45deg (Fillet),involute,imperial,external,48,45,0,40,,51.8583,49.7417,24,24/48,fillet,,,
ANSI B92.1 24/48 DP 49T 45deg (Fillet),involute,imperial,external,49,45,0,40,,52.9167,50.8,24,24/48,fillet,,,
ANSI B92.1 24/48 DP 50T 45deg (Fillet),involute,imperial,external,50,45,0,40,,53.975,51.8583,24,24/48,fillet,,,
ANSI B92.1 24/48 DP 51T 45deg (Fillet),involute,imperial,external,51,45,0,40,,55.0333,52.9167,24,24/48,fillet,,,
ANSI B92.1 24/48 DP 52T 45deg (Fillet),involute,imperial,external,52,45,0,40,,56.0917,53.975,24,24/48,fillet,,,
ANSI B92.1 24/48 DP 53T 45deg (Fillet),involute,imperial,external,53,45,0,40,,57.15,55.0333,24,24/48,fillet,,,
ANSI B92.1 24/48 DP 54T 45deg (Fillet),involute,imperial,external,54,45,0,40,,58.2083,56.0917,24,24/48,fillet,,,
ANSI B92.1 24/48 DP 55T 45deg (Fillet),involute,imperial,external,55,45,0,40,,59.2667,57.15,24,24/48,fillet,,,
ANSI B92.1 24/48 DP 56T 45deg (Fillet),involute,imperial,external,56,45,0,40,,60.325,58.2083,24,24/48,fillet,,,
ANSI B92.1 24/48 DP 57T 45deg (Fillet),involute,imperial,external,57,45,0,40,,61.3833,59.2667,24,24/48,fillet,,,
ANSI B92.1 24/48 DP 58T 45deg (Fillet),involute,imperial,external,58,45,0,40,,62.4417,60.325,24,24/48,fillet,,,
ANSI B92.1 24/48 DP 59T 45deg (Fillet),involute,imperial,external,59,45,0,40,,63.5,61.3833,24,24/48,fillet,,,
ANSI B92.1 24/48 DP 60T 45deg (Fillet),involute,imperial,external,60,45,0,40,,64.5583,62.4417,24,24/48,fillet,,,
ANSI B92.1 24/48 DP 61T 45deg (Fillet),involute,imperial,external,61,45,0,40,,65.6167,63.5,24,24/48,fillet,,,
ANSI B92.1 24/48 DP 62T 45deg (Fillet),involute,imperial,external,62,45,0,40,,66.675,64.5583,24,24/48,fillet,,,
ANSI B92.1 24/48 DP 63T 45deg (Fillet),involute,imperial,external,63,45,0,40,,67.7333,65.6167,24,24/48,fillet,,,
ANSI B92.1 24/48 DP 64T 45deg (Fillet),involute,imperial,external,64,45,0,40,,68.7917,66.675,24,24/48,fillet,,,
ANSI B92.1 24/48 DP 65T 45deg (Fillet),involute,imperial,external,65,45,0,40,,69.85,67.7333,24,24/48,fillet,,,
ANSI B92.1 24/48 DP 66T 45deg (Fillet),involute,imperial,external,66,45,0,40,,70.9083,68.7917,24,24/48,fillet,,,
ANSI B92.1 24/48 DP 67T 45deg (Fillet),involute,imperial,external,67,45,0,40,,71.9667,69.85,24,24/48,fillet,,,
ANSI B92.1 24/48 DP 68T 45deg (Fillet),involute,imperial,external,68,45,0,40,,73.025,70.9083,24,24/48,fillet,,,
ANSI B92.1 24/48 DP 69T 45deg (Fillet),involute,imperial,external,69,45,0,40,,74.0833,71.9667,24,24/48,fillet,,,
ANSI B92.1 24/48 DP 70T 45deg (Fillet),involute,imperial,external,70,45,0,40,,75.1417,73.025,24,24/48,fillet,,,
ANSI B92.1 24/48 DP 71T 45deg (Fillet),involute,imperial,external,71,45,0,40,,76.2,74.0833,24,24/48,fillet,,,
ANSI B92.1 24/48 DP 72T 45deg (Fillet),involute,imperial,external,72,45,0,40,,77.2583,75.1417,24,24/48,fillet,,,
ANSI B92.1 32/64 DP 10T 30deg,involute,imperial,external,10,30,0,40,,8.73125,6.35,32,32/64,flat,,,
ANSI B92.1 32/64 DP 11T 30deg,involute,imperial,external,11,30,0,40,,9.525,7.14375,32,32/64,flat,,,
ANSI B92.1 32/64 DP 12T 30deg,involute,imperial,external,12,30,0,40,,10.3187,7.9375,32,32/64,flat,,,
ANSI B92.1 32/64 DP 13T 30deg,involute,imperial,external,13,30,0,40,,11.1125,8.73125,32,32/64,flat,,,
ANSI B92.1 32/64 DP 14T 30deg,involute,imperial,external,14,30,0,40,,11.9062,9.525,32,32/64,flat,,,
ANSI B92.1 32/64 DP 15T 30deg,involute,imperial,external,15,30,0,40,,12.7,10.3187,32,32/64,flat,,,
ANSI B92.1 32/64 DP 16T 30deg,involute,imperial,external,16,30,0,40,,13.4937,11.1125,32,32/64,flat,,,
ANSI B92.1 32/64 DP 17T 30deg,involute,imperial,external,17,30,0,40,,14.2875,11.9062,32,32/64,flat,,,
ANSI B92.1 32/64 DP 18T 30deg,involute,imperial,external,18,30,0,40,,15.0812,12.7,32,32/64,flat,,,
ANSI B92.1 32/64 DP 19T 30deg,involute,imperial,external,19,30,0,40,,15.875,13.4937,32,32/64,flat,,,
ANSI B92.1 32/64 DP 20T 30deg,involute,imperial,external,20,30,0,40,,16.6687,14.2875,32,32/64,flat,,,
ANSI B92.1 32/64 DP 21T 30deg,involute,imperial,external,21,30,0,40,,17.4625,15.0812,32,32/64,flat,,,
ANSI B92.1 32/64 DP 22T 30deg,involute,imperial,external,22,30,0,40,,18.2562,15.875,32,32/64,flat,,,
ANSI B92.1 32/64 DP 23T 30deg,involute,imperial,external,23,30,0,40,,19.05,16.6687,32,32/64,flat,,,
ANSI B92.1 32/64 DP 24T 30deg,involute,imperial,external,24,30,0,40,,19.8438,17.4625,32,32/64,flat,,,
ANSI B92.1 32/64 DP 25T 30deg,involute,imperial,external,25,30,0,40,,20.6375,18.2562,32,32/64,flat,,,
ANSI B92.1 32/64 DP 26T 30deg,involute,imperial,external,26,30,0,40,,21.4312,19.05,32,32/64,flat,,,
ANSI B92.1 32/64 DP 27T 30deg,involute,imperial,external,27,30,0,40,,22.225,19.8438,32,32/64,flat,,,
ANSI B92.1 32/64 DP 28T 30deg,involute,imperial,external,28,30,0,40,,23.0187,20.6375,32,32/64,flat,,,
ANSI B92.1 32/64 DP 29T 30deg,involute,imperial,external,29,30,0,40,,23.8125,21.4312,32,32/64,flat,,,
ANSI B92.1 32/64 DP 30T 30deg,involute,imperial,external,30,30,0,40,,24.6062,22.225,32,32/64,flat,,,
ANSI B92.1 32/64 DP 31T 30deg,involute,imperial,external,31,30,0,40,,25.4,23.0187,32,32/64,flat,,,
ANSI B92.1 32/64 DP 32T 30deg,involute,imperial,external,32,30,0,40,,26.1937,23.8125,32,32/64,flat,,,
ANSI B92.1 32/64 DP 33T 30deg,involute,imperial,external,33,30,0,40,,26.9875,24.6062,32,32/64,flat,,,
ANSI B92.1 32/64 DP 34T 30deg,involute,imperial,external,34,30,0,40,,27.7812,25.4,32,32/64,flat,,,
ANSI B92.1 32/64 DP 35T 30deg,involute,imperial,external,35,30,0,40,,28.575,26.1937,32,32/64,flat,,,
ANSI B92.1 32/64 DP 36T 30deg,involute,imperial,external,36,30,0,40,,29.3687,26.9875,32,32/64,flat,,,
ANSI B92.1 32/64 DP 37T 30deg,involute,imperial,external,37,30,0,40,,30.1625,27.7812,32,32/64,flat,,,
ANSI B92.1 32/64 DP 38T 30deg,involute,imperial,external,38,30,0,40,,30.9562,28.575,32,32/64,flat,,,
ANSI B92.1 32/64 DP 39T 30deg,involute,imperial,external,39,30,0,40,,31.75,29.3687,32,32/64,flat,,,
ANSI B92.1 32/64 DP 40T 30deg,involute,imperial,external,40,30,0,40,,32.5437,30.1625,32,32/64,flat,,,
ANSI B92.1 32/64 DP 41T 30deg,involute,imperial,external,41,30,0,40,,33.3375,30.9562,32,32/64,flat,,,
ANSI B92.1 32/64 DP 42T 30deg,involute,imperial,external,42,30,0,40,,34.1313,31.75,32,32/64,flat,,,
ANSI B92.1 32/64 DP 43T 30deg,involute,imperial,external,43,30,0,40,,34.925,32.5437,32,32/64,flat,,,
ANSI B92.1 32/64 DP 44T 30deg,involute,imperial,external,44,30,0,40,,35.7188,33.3375,32,32/64,flat,,,
ANSI B92.1 32/64 DP 45T 30deg,involute,imperial,external,45,30,0,40,,36.5125,34.1313,32,32/64,flat,,,
ANSI B92.1 32/64 DP 46T 30deg,involute,imperial,external,46,30,0,40,,37.3062,34.925,32,32/64,flat,,,
ANSI B92.1 32/64 DP 47T 30deg,involute,imperial,external,47,30,0,40,,38.1,35.7188,32,32/64,flat,,,
ANSI B92.1 32/64 DP 48T 30deg,involute,imperial,external,48,30,0,40,,38.8937,36.5125,32,32/64,flat,,,
ANSI B92.1 32/64 DP 49T 30deg,involute,imperial,external,49,30,0,40,,39.6875,37.3062,32,32/64,flat,,,
ANSI B92.1 32/64 DP 50T 30deg,involute,imperial,external,50,30,0,40,,40.4812,38.1,32,32/64,flat,,,
ANSI B92.1 32/64 DP 51T 30deg,involute,imperial,external,51,30,0,40,,41.275,38.8937,32,32/64,flat,,,
ANSI B92.1 32/64 DP 52T 30deg,involute,imperial,external,52,30,0,40,,42.0687,39.6875,32,32/64,flat,,,
ANSI B92.1 32/64 DP 53T 30deg,involute,imperial,external,53,30,0,40,,42.8625,40.4812,32,32/64,flat,,,
ANSI B92.1 32/64 DP 54T 30deg,involute,imperial,external,54,30,0,40,,43.6562,41.275,32,32/64,flat,,,
ANSI B92.1 32/64 DP 55T 30deg,involute,imperial,external,55,30,0,40,,44.45,42.0687,32,32/64,flat,,,
ANSI B92.1 32/64 DP 56T 30deg,involute,imperial,external,56,30,0,40,,45.2437,42.8625,32,32/64,flat,,,
ANSI B92.1 32/64 DP 57T 30deg,involute,imperial,external,57,30,0,40,,46.0375,43.6562,32,32/64,flat,,,
ANSI B92.1 32/64 DP 58T 30deg,involute,imperial,external,58,30,0,40,,46.8312,44.45,32,32/64,flat,,,
ANSI B92.1 32/64 DP 59T 30deg,involute,imperial,external,59,30,0,40,,47.625,45.2437,32,32/64,flat,,,
ANSI B92.1 32/64 DP 60T 30deg,involute,imperial,external,60,30,0,40,,48.4187,46.0375,32,32/64,flat,,,
ANSI B92.1 32/64 DP 10T 30deg (Fillet),involute,imperial,external,10,30,0,40,,8.73125,6.50875,32,32/64,fillet,,,
ANSI B92.1 32/64 DP 11T 30deg (Fillet),involute,imperial,external,11,30,0,40,,9.525,7.3025,32,32/64,fillet,,,
ANSI B92.1 32/64 DP 12T 30deg (Fillet),involute,imperial,external,12,30,0,40,,10.3187,8.09625,32,32/64,fillet,,,
ANSI B92.1 32/64 DP 13T 30deg (Fillet),involute,imperial,external,13,30,0,40,,11.1125,8.89,32,32/64,fillet,,,
ANSI B92.1 32/64 DP 14T 30deg (Fillet),involute,imperial,external,14,30,0,40,,11.9062,9.68375,32,32/64,fillet,,,
ANSI B92.1 32/64 DP 15T 30deg (Fillet),involute,imperial,external,15,30,0,40,,12.7,10.4775,32,32/64,fillet,,,
ANSI B92.1 32/64 DP 16T 30deg (Fillet),involute,imperial,external,16,30,0,40,,13.4937,11.2712,32,32/64,fillet,,,
ANSI B92.1 32/64 DP 17T 30deg (Fillet),involute,imperial,external,17,30,0,40,,14.2875,12.065,32,32/64,fillet,,,
ANSI B92.1 32/64 DP 18T 30deg (Fillet),involute,imperial,external,18,30,0,40,,15.0812,12.8587,32,32/64,fillet,,,
ANSI B92.1 32/64 DP 19T 30deg (Fillet),involute,imperial,external,19,30,0,40,,15.875,13.6525,32,32/64,fillet,,,
ANSI B92.1 32/64 DP 20T 30deg (Fillet),involute,imperial,external,20,30,0,40,,16.6687,14.4462,32,32/64,fillet,,,
ANSI B92.1 32/64 DP 21T 30deg (Fillet),involute,imperial,external,21,30,0,40,,17.4625,15.24,32,32/64,fillet,,,
ANSI B92.1 32/64 DP 22T 30deg (Fillet),involute,imperial,external,22,30,0,40,,18.2562,16.0337,32,32/64,fillet,,,
ANSI B92.1 32/64 DP 23T 30deg (Fillet),involute,imperial,external,23,30,0,40,,19.05,16.8275,32,32/64,fillet,,,
ANSI B92.1 32/64 DP 24T 30deg (Fillet),involute,imperial,external,24,30,0,40,,19.8438,17.6212,32,32/64,fillet,,,
ANSI B92.1 32/64 DP 25T 30deg (Fillet),involute,imperial,external,25,30,0,40,,20.6375,18.415,32,32/64,fillet,,,
ANSI B92.1 32/64 DP 26T 30deg (Fillet),involute,imperial,external,26,30,0,40,,21.4312,19.2087,32,32/64,fillet,,,
ANSI B92.1 32/64 DP 27T 30deg (Fillet),involute,imperial,external,27,30,0,40,,22.225,20.0025,32,32/64,fillet,,,
ANSI B92.1 32/64 DP 28T 30deg (Fillet),involute,imperial,external,28,30,0,40,,23.0187,20.7962,32,32/64,fillet,,,
ANSI B92.1 32/64 DP 29T 30deg (Fillet),involute,imperial,external,29,30,0,40,,23.8125,21.59,32,32/64,fillet,,,
ANSI B92.1 32/64 DP 30T 30deg (Fillet),involute,imperial,external,30,30,0,40,,24.6062,22.3837,32,32/64,fillet,,,
ANSI B92.1 32/64 DP 31T 30deg (Fillet),involute,imperial,external,31,30,0,40,,25.4,23.1775,32,32/64,fillet,,,
ANSI B92.1 32/64 DP 32T 30deg (Fillet),involute,imperial,external,32,30,0,40,,26.1937,23.9712,32,32/64,fillet,,,
ANSI B92.1 32/64 DP 33T 30deg (Fillet),involute,imperial,external,33,30,0,40,,26.9875,24.765,32,32/64,fillet,,,
ANSI B92.1 32/64 DP 34T 30deg (Fillet),involute,imperial,external,34,30,0,40,,27.7812,25.5587,32,32/64,fillet,,,
ANSI B92.1 32/64 DP 35T 30deg (Fillet),involute,imperial,external,35,30,0,40,,28.575,26.3525,32,32/64,fillet,,,
ANSI B92.1 32/64 DP 36T 30deg (Fillet),involute,imperial,external,36,30,0,40,,29.3687,27.1463,32,32/64,fillet,,,
ANSI B92.1 32/64 DP 37T 30deg (Fillet),involute,imperial,external,37,30,0,40,,30.1625,27.94,32,32/64,fillet,,,
ANSI B92.1 32/64 DP 38T 30deg (Fillet),involute,imperial,external,38,30,0,40,,30.9562,28.7338,32,32/64,fillet,,,
ANSI B92.1 32/64 DP 39T 30deg (Fillet),involute,imperial,external,39,30,0,40,,31.75,29.5275,32,32/64,fillet,,,
ANSI B92.1 32/64 DP 40T 30deg (Fillet),involute,imperial,external,40,30,0,40,,32.5437,30.3212,32,32/64,fillet,,,
ANSI B92.1 32/64 DP 41T 30deg (Fillet),involute,imperial,external,41,30,0,40,,33.3375,31.115,32,32/64,fillet,,,
ANSI B92.1 32/64 DP 42T 30deg (Fillet),involute,imperial,external,42,30,0,40,,34.1313,31.9088,32,32/64,fillet,,,
ANSI B92.1 32/64 DP 43T 30deg (Fillet),involute,imperial,external,43,30,0,40,,34.925,32.7025,32,32/64,fillet,,,
ANSI B92.1 32/64 DP 44T 30deg (Fillet),involute,imperial,external,44,30,0,40,,35.7188,33.4963,32,32/64,fillet,,,
ANSI B92.1 32/64 DP 45T 30deg (Fillet),involute,imperial,external,45,30,0,40,,36.5125,34.29,32,32/64,fillet,,,
ANSI B92.1 32/64 DP 46T 30deg (Fillet),involute,imperial,external,46,30,0,40,,37.3062,35.0838,32,32/64,fillet,,,
ANSI B92.1 32/64 DP 47T 30deg (Fillet),involute,imperial,external,47,30,0,40,,38.1,35.8775,32,32/64,fillet,,,
ANSI B92.1 32/64 DP 48T 30deg (Fillet),involute,imperial,external,48,30,0,40,,38.8937,36.6713,32,32/64,fillet,,,
ANSI B92.1 32/64 DP 49T 30deg (Fillet),involute,imperial,external,49,30,0,40,,39.6875,37.465,32,32/64,fillet,,,
ANSI B92.1 32/64 DP 50T 30deg (Fillet),involute,imperial,external,50,30,0,40,,40.4812,38.2587,32,32/64,fillet,,,
ANSI B92.1 32/64 DP 51T 30deg (Fillet),involute,imperial,external,51,30,0,40,,41.275,39.0525,32,32/64,fillet,,,
ANSI B92.1 32/64 DP 52T 30deg (Fillet),involute,imperial,external,52,30,0,40,,42.0687,39.8462,32,32/64,fillet,,,
ANSI B92.1 32/64 DP 53T 30deg (Fillet),involute,imperial,external,53,30,0,40,,42.8625,40.64,32,32/64,fillet,,,
ANSI B92.1 32/64 DP 54T 30deg (Fillet),involute,imperial,external,54,30,0,40,,43.6562,41.4338,32,32/64,fillet,,,
ANSI B92.1 32/64 DP 55T 30deg (Fillet),involute,imperial,external,55,30,0,40,,44.45,42.2275,32,32/64,fillet,,,
ANSI B92.1 32/64 DP 56T 30deg (Fillet),involute,imperial,external,56,30,0,40,,45.2437,43.0213,32,32/64,fillet,,,
ANSI B92.1 32/64 DP 57T 30deg (Fillet),involute,imperial,external,57,30,0,40,,46.0375,43.815,32,32/64,fillet,,,
ANSI B92.1 32/64 DP 58T 30deg (Fillet),involute,imperial,external,58,30,0,40,,46.8312,44.6088,32,32/64,fillet,,,
ANSI B92.1 32/64 DP 59T 30deg (Fillet),involute,imperial,external,59,30,0,40,,47.625,45.4025,32,32/64,fillet,,,
ANSI B92.1 32/64 DP 60T 30deg (Fillet),involute,imperial,external,60,30,0,40,,48.4187,46.1962,32,32/64,fillet,,,
ANSI B92.1 32/64 DP 10T 37.5deg (Fillet),involute,imperial,external,10,37.5,0,40,,8.73125,6.90562,32,32/64,fillet,,,
ANSI B92.1 32/64 DP 11T 37.5deg (Fillet),involute,imperial,external,11,37.5,0,40,,9.525,7.69937,32,32/64,fillet,,,
ANSI B92.1 32/64 DP 12T 37.5deg (Fillet),involute,imperial,external,12,37.5,0,40,,10.3187,8.49312,32,32/64,fillet,,,
ANSI B92.1 32/64 DP 13T 37.5deg (Fillet),involute,imperial,external,13,37.5,0,40,,11.1125,9.28687,32,32/64,fillet,,,
ANSI B92.1 32/64 DP 14T 37.5deg (Fillet),involute,imperial,external,14,37.5,0,40,,11.9062,10.0806,32,32/64,fillet,,,
ANSI B92.1 32/64 DP 15T 37.5deg (Fillet),involute,imperial,external,15,37.5,0,40,,12.7,10.8744,32,32/64,fillet,,,
ANSI B92.1 32/64 DP 16T 37.5deg (Fillet),involute,imperial,external,16,37.5,0,40,,13.4937,11.6681,32,32/64,fillet,,,
ANSI B92.1 32/64 DP 17T 37.5deg (Fillet),involute,imperial,external,17,37.5,0,40,,14.2875,12.4619,32,32/64,fillet,,,
ANSI B92.1 32/64 DP 18T 37.5deg (Fillet),involute,imperial,external,18,37.5,0,40,,15.0812,13.2556,32,32/64,fillet,,,
ANSI B92.1 32/64 DP 19T 37.5deg (Fillet),involute,imperial,external,19,37.5,0,40,,15.875,14.0494,32,32/64,fillet,,,
ANSI B92.1 32/64 DP 20T 37.5deg (Fillet),involute,imperial,external,20,37.5,0,40,,16.6687,14.8431,32,32/64,fillet,,,
ANSI B92.1 32/64 DP 21T 37.5deg (Fillet),involute,imperial,external,21,37.5,0,40,,17.4625,15.6369,32,32/64,fillet,,,
ANSI B92.1 32/64 DP 22T 37.5deg (Fillet),involute,imperial,external,22,37.5,0,40,,18.2562,16.4306,32,32/64,fillet,,,
ANSI B92.1 32/64 DP 23T 37.5deg (Fillet),involute,imperial,external,23,37.5,0,40,,19.05,17.2244,32,32/64,fillet,,,
ANSI B92.1 32/64 DP 24T 37.5deg (Fillet),involute,imperial,external,24,37.5,0,40,,19.8438,18.0181,32,32/64,fillet,,,
ANSI B92.1 32/64 DP 25T 37.5deg (Fillet),involute,imperial,external,25,37.5,0,40,,20.6375,18.8119,32,32/64,fillet,,,
ANSI B92.1 32/64 DP 26T 37.5deg (Fillet),involute,imperial,external,26,37.5,0,40,,21.4312,19.6056,32,32/64,fillet,,,
ANSI B92.1 32/64 DP 27T 37.5deg (Fillet),involute,imperial,external,27,37.5,0,40,,22.225,20.3994,32,32/64,fillet,,,
ANSI B92.1 32/64 DP 28T 37.5deg (Fillet),involute,imperial,external,28,37.5,0,40,,23.0187,21.1931,32,32/64,fillet,,,
ANSI B92.1 32/64 DP 29T 37.5deg (Fillet),involute,imperial,external,29,37.5,0,40,,23.8125,21.9869,32,32/64,fillet,,,
ANSI B92.1 32/64 DP 30T 37.5deg (Fillet),involute,imperial,external,30,37.5,0,40,,24.6062,22.7806,32,32/64,fillet,,,
ANSI B92.1 32/64 DP 31T 37.5deg (Fillet),involute,imperial,external,31,37.5,0,40,,25.4,23.5744,32,32/64,fillet,,,
ANSI B92.1 32/64 DP 32T 37.5deg (Fillet),involute,imperial,external,32,37.5,0,40,,26.1937,24.3681,32,32/64,fillet,,,
ANSI B92.1 32/64 DP 33T 37.5deg (Fillet),involute,imperial,external,33,37.5,0,40,,26.9875,25.1619,32,32/64,fillet,,,
ANSI B92.1 32/64 DP 34T 37.5deg (Fillet),involute,imperial,external,34,37.5,0,40,,27.7812,25.9556,32,32/64,fillet,,,
ANSI B92.1 32/64 DP 35T 37.5deg (Fillet),involute,imperial,external,35,37.5,0,40,,28.575,26.7494,32,32/64,fillet,,,
ANSI B92.1 32/64 DP 36T 37.5deg (Fillet),involute,imperial,external,36,37.5,0,40,,29.3687,27.5431,32,32/64,fillet,,,
ANSI B92.1 32/64 DP 37T 37.5deg (Fillet),involute,imperial,external,37,37.5,0,40,,30.1625,28.3369,32,32/64,fillet,,,
ANSI B92.1 32/64 DP 38T 37.5deg (Fillet),involute,imperial,external,38,37.5,0,40,,30.9562,29.1306,32,32/64,fillet,,,
ANSI B92.1 32/64 DP 39T 37.5deg (Fillet),involute,imperial,external,39,37.5,0,40,,31.75,29.9244,32,32/64,fillet,,,
ANSI B92.1 32/64 DP 40T 37.5deg (Fillet),involute,imperial,external,40,37.5,0,40,,32.5437,30.7181,32,32/64,fillet,,,
ANSI B92.1 32/64 DP 41T 37.5deg (Fillet),involute,imperial,external,41,37.5,0,40,,33.3375,31.5119,32,32/64,fillet,,,
ANSI B92.1 32/64 DP 42T 37.5deg (Fillet),involute,imperial,external,42,37.5,0,40,,34.1313,32.3056,32,32/64,fillet,,,
ANSI B92.1 32/64 DP 43T 37.5deg (Fillet),involute,imperial,external,43,37.5,0,40,,34.925,33.0994,32,32/64,fillet,,,
ANSI B92.1 32/64 DP 44T 37.5deg (Fillet),involute,imperial,external,44,37.5,0,40,,35.7188,33.8931,32,32/64,fillet,,,
ANSI B92.1 32/64 DP 45T 37.5deg (Fillet),involute,imperial,external,45,37.5,0,40,,36.5125,34.6869,32,32/64,fillet,,,
ANSI B92.1 32/64 DP 46T 37.5deg (Fillet),involute,imperial,external,46,37.5,0,40,,37.3062,35.4806,32,32/64,fillet,,,
ANSI B92.1 32/64 DP 47T 37.5deg (Fillet),involute,imperial,external,47,37.5,0,40,,38.1,36.2744,32,32/64,fillet,,,
ANSI B92.1 32/64 DP 48T 37.5deg (Fillet),involute,imperial,external,48,37.5,0,40,,38.8937,37.0681,32,32/64,fillet,,,
ANSI B92.1 32/64 DP 49T 37.5deg (Fillet),involute,imperial,external,49,37.5,0,40,,39.6875,37.8619,32,32/64,fillet,,,
ANSI B92.1 32/64 DP 50T 37.5deg (Fillet),involute,imperial,external,50,37.5,0,40,,40.4812,38.6556,32,32/64,fillet,,,
ANSI B92.1 32/64 DP 51T 37.5deg (Fillet),involute,imperial,external,51,37.5,0,40,,41.275,39.4494,32,32/64,fillet,,,
ANSI B92.1 32/64 DP 52T 37.5deg (Fillet),involute,imperial,external,52,37.5,0,40,,42.0687,40.2431,32,32/64,fillet,,,
ANSI B92.1 32/64 DP 53T 37.5deg (Fillet),involute,imperial,external,53,37.5,0,40,,42.8625,41.0369,32,32/64,fillet,,,
ANSI B92.1 32/64 DP 54T 37.5deg (Fillet),involute,imperial,external,54,37.5,0,40,,43.6562,41.8306,32,32/64,fillet,,,
ANSI B92.1 32/64 DP 55T 37.5deg (Fillet),involute,imperial,external,55,37.5,0,40,,44.45,42.6244,32,32/64,fillet,,,
ANSI B92.1 32/64 DP 56T 37.5deg (Fillet),involute,imperial,external,56,37.5,0,40,,45.2437,43.4181,32,32/64,fillet,,,
ANSI B92.1 32/64 DP 57T 37.5deg (Fillet),involute,imperial,external,57,37.5,0,40,,46.0375,44.2119,32,32/64,fillet,,,
ANSI B92.1 32/64 DP 58T 37.5deg (Fillet),involute,imperial,external,58,37.5,0,40,,46.8312,45.0056,32,32/64,fillet,,,
ANSI B92.1 32/64 DP 59T 37.5deg (Fillet),involute,imperial,external,59,37.5,0,40,,47.625,45.7994,32,32/64,fillet,,,
ANSI B92.1 32/64 DP 60T 37.5deg (Fillet),involute,imperial,external,60,37.5,0,40,,48.4187,46.5931,32,32/64,fillet,,,
ANSI B92.1 32/64 DP 10T 45deg (Fillet),involute,imperial,external,10,45,0,40,,8.73125,7.14375,32,32/64,fillet,,,
ANSI B92.1 32/64 DP 11T 45deg (Fillet),involute,imperial,external,11,45,0,40,,9.525,7.9375,32,32/64,fillet,,,
ANSI B92.1 32/64 DP 12T 45deg (Fillet),involute,imperial,external,12,45,0,40,,10.3187,8.73125,32,32/64,fillet,,,
ANSI B92.1 32/64 DP 13T 45deg (Fillet),involute,imperial,external,13,45,0,40,,11.1125,9.525,32,32/64,fillet,,,
ANSI B92.1 32/64 DP 14T 45deg (Fillet),involute,imperial,external,14,45,0,40,,11.9062,10.3187,32,32/64,fillet,,,
ANSI B92.1 32/64 DP 15T 45deg (Fillet),involute,imperial,external,15,45,0,40,,12.7,11.1125,32,32/64,fillet,,,
ANSI B92.1 32/64 DP 16T 45deg (Fillet),involute,imperial,external,16,45,0,40,,13.4937,11.9062,32,32/64,fillet,,,
ANSI B92.1 32/64 DP 17T 45deg (Fillet),involute,imperial,external,17,45,0,40,,14.2875,12.7,32,32/64,fillet,,,
ANSI B92.1 32/64 DP 18T 45deg (Fillet),involute,imperial,external,18,45,0,40,,15.0812,13.4937,32,32/64,fillet,,,
ANSI B92.1 32/64 DP 19T 45deg (Fillet),involute,imperial,external,19,45,0,40,,15.875,14.2875,32,32/64,fillet,,,
ANSI B92.1 32/64 DP 20T 45deg (Fillet),involute,imperial,external,20,45,0,40,,16.6687,15.0812,32,32/64,fillet,,,
ANSI B92.1 32/64 DP 21T 45deg (Fillet),involute,imperial,external,21,45,0,40,,17.4625,15.875,32,32/64,fillet,,,
ANSI B92.1 32/64 DP 22T 45deg (Fillet),involute,imperial,external,22,45,0,40,,18.2562,16.6687,32,32/64,fillet,,,
ANSI B92.1 32/64 DP 23T 45deg (Fillet),involute,imperial,external,23,45,0,40,,19.05,17.4625,32,32/64,fillet,,,
ANSI B92.1 32/64 DP 24T 45deg (Fillet),involute,imperial,external,24,45,0,40,,19.8438,18.2562,32,32/64,fillet,,,
ANSI B92.1 32/64 DP 25T 45deg (Fillet),involute,imperial,external,25,45,0,40,,20.6375,19.05,32,32/64,fillet,,,
ANSI B92.1 32/64 DP 26T 45deg (Fillet),involute,imperial,external,26,45,0,40,,21.4312,19.8438,32,32/64,fillet,,,
ANSI B92.1 32/64 DP 27T 45deg (Fillet),involute,imperial,external,27,45,0,40,,22.225,20.6375,32,32/64,fillet,,,
ANSI B92.1 32/64 DP 28T 45deg (Fillet),involute,imperial,external,28,45,0,40,,23.0187,21.4312,32,32/64,fillet,,,
ANSI B92.1 32/64 DP 29T 45deg (Fillet),involute,imperial,external,29,45,0,40,,23.8125,22.225,32,32/64,fillet,,,
ANSI B92.1 32/64 DP 30T 45deg (Fillet),involute,imperial,external,30,45,0,40,,24.6062,23.0187,32,32/64,fillet,,,
ANSI B92.1 32/64 DP 31T 45deg (Fillet),involute,imperial,external,31,45,0,40,,25.4,23.8125,32,32/64,fillet,,,
ANSI B92.1 32/64 DP 32T 45deg (Fillet),involute,imperial,external,32,45,0,40,,26.1937,24.6062,32,32/64,fillet,,,
ANSI B92.1 32/64 DP 33T 45deg (Fillet),involute,imperial,external,33,45,0,40,,26.9875,25.4,32,32/64,fillet,,,
ANSI B92.1 32/64 DP 34T 45deg (Fillet),involute,imperial,external,34,45,0,40,,27.7812,26.1937,32,32/64,fillet,,,
ANSI B92.1 32/64 DP 35T 45deg (Fillet),involute,imperial,external,35,45,0,40,,28.575,26.9875,32,32/64,fillet,,,
ANSI B92.1 32/64 DP 36T 45deg (Fillet),involute,imperial,external,36,45,0,40,,29.3687,27.7812,32,32/64,fillet,,,
ANSI B92.1 32/64 DP 37T 45deg (Fillet),involute,imperial,external,37,45,0,40,,30.1625,28.575,32,32/64,fillet,,,
ANSI B92.1 32/64 DP 38T 45deg (Fillet),involute,imperial,external,38,45,0,40,,30.9562,29.3687,32,32/64,fillet,,,
ANSI B92.1 32/64 DP 39T 45deg (Fillet),involute,imperial,external,39,45,0,40,,31.75,30.1625,32,32/64,fillet,,,
ANSI B92.1 32/64 DP 40T 45deg (Fillet),involute,imperial,external,40,45,0,40,,32.5437,30.9562,32,32/64,fillet,,,
ANSI B92.1 32/64 DP 41T 45deg (Fillet),involute,imperial,external,41,45,0,40,,33.3375,31.75,32,32/64,fillet,,,
ANSI B92.1 32/64 DP 42T 45deg (Fillet),involute,imperial,external,42,45,0,40,,34.1313,32.5437,32,32/64,fillet,,,
ANSI B92.1 32/64 DP 43T 45deg (Fillet),involute,imperial,external,43,45,0,40,,34.925,33.3375,32,32/64,fillet,,,
ANSI B92.1 32/64 DP 44T 45deg (Fillet),involute,imperial,external,44,45,0,40,,35.7188,34.1313,32,32/64,fillet,,,
ANSI B92.1 32/64 DP 45T 45deg (Fillet),involute,imperial,external,45,45,0,40,,36.5125,34.925,32,32/64,fillet,,,
ANSI B92.1 32/64 DP 46T 45deg (Fillet),involute,imperial,external,46,45,0,40,,37.3062,35.7188,32,32/64,fillet,,,
ANSI B92.1 32/64 DP 47T 45deg (Fillet),involute,imperial,external,47,45,0,40,,38.1,36.5125,32,32/64,fillet,,,
ANSI B92.1 32/64 DP 48T 45deg (Fillet),involute,imperial,external,48,45,0,40,,38.8937,37.3062,32,32/64,fillet,,,
ANSI B92.1 32/64 DP 49T 45deg (Fillet),involute,imperial,external,49,45,0,40,,39.6875,38.1,32,32/64,fillet,,,
ANSI B92.1 32/64 DP 50T 45deg (Fillet),involute,imperial,external,50,45,0,40,,40.4812,38.8937,32,32/64,fillet,,,
ANSI B92.1 32/64 DP 51T 45deg (Fillet),involute,imperial,external,51,45,0,40,,41.275,39.6875,32,32/64,fillet,,,
ANSI B92.1 32/64 DP 52T 45deg (Fillet),involute,imperial,external,52,45,0,40,,42.0687,40.4812,32,32/64,fillet,,,
ANSI B92.1 32/64 DP 53T 45deg (Fillet),involute,imperial,external,53,45,0,40,,42.8625,41.275,32,32/64,fillet,,,
ANSI B92.1 32/64 DP 54T 45deg (Fillet),involute,imperial,external,54,45,0,40,,43.6562,42.0687,32,32/64,fillet,,,
ANSI B92.1 32/64 DP 55T 45deg (Fillet),involute,imperial,external,55,45,0,40,,44.45,42.8625,32,32/64,fillet,,,
ANSI B92.1 32/64 DP 56T 45deg (Fillet),involute,imperial,external,56,45,0,40,,45.2437,43.6562,32,32/64,fillet,,,
ANSI B92.1 32/64 DP 57T 45deg (Fillet),involute,imperial,external,57,45,0,40,,46.0375,44.45,32,32/64,fillet,,,
ANSI B92.1 32/64 DP 58T 45deg (Fillet),involute,imperial,external,58,45,0,40,,46.8312,45.2437,32,32/64,fillet,,,
ANSI B92.1 32/64 DP 59T 45deg (Fillet),involute,imperial,external,59,45,0,40,,47.625,46.0375,32,32/64,fillet,,,
ANSI B92.1 32/64 DP 60T 45deg (Fillet),involute,imperial,external,60,45,0,40,,48.4187,46.8312,32,32/64,fillet,,,
ANSI B92.1 32/64 DP 61T 45deg (Fillet),involute,imperial,external,61,45,0,40,,49.2125,47.625,32,32/64,fillet,,,
ANSI B92.1 32/64 DP 62T 45deg (Fillet),involute,imperial,external,62,45,0,40,,50.0062,48.4187,32,32/64,fillet,,,
ANSI B92.1 32/64 DP 63T 45deg (Fillet),involute,imperial,external,63,45,0,40,,50.8,49.2125,32,32/64,fillet,,,
ANSI B92.1 32/64 DP 64T 45deg (Fillet),involute,imperial,external,64,45,0,40,,51.5938,50.0062,32,32/64,fillet,,,
ANSI B92.1 32/64 DP 65T 45deg (Fillet),involute,imperial,external,65,45,0,40,,52.3875,50.8,32,32/64,fillet,,,
ANSI B92.1 32/64 DP 66T 45deg (Fillet),involute,imperial,external,66,45,0,40,,53.1812,51.5938,32,32/64,fillet,,,
ANSI B92.1 32/64 DP 67T 45deg (Fillet),involute,imperial,external,67,45,0,40,,53.975,52.3875,32,32/64,fillet,,,
ANSI B92.1 32/64 DP 68T 45deg (Fillet),involute,imperial,external,68,45,0,40,,54.7687,53.1812,32,32/64,fillet,,,
ANSI B92.1 32/64 DP 69T 45deg (Fillet),involute,imperial,external,69,45,0,40,,55.5625,53.975,32,32/64,fillet,,,
ANSI B92.1 32/64 DP 70T 45deg (Fillet),involute,imperial,external,70,45,0,40,,56.3562,54.7687,32,32/64,fillet,,,
ANSI B92.1 32/64 DP 71T 45deg (Fillet),involute,imperial,external,71,45,0,40,,57.15,55.5625,32,32/64,fillet,,,
ANSI B92.1 32/64 DP 72T 45deg (Fillet),involute,imperial,external,72,45,0,40,,57.9437,56.3562,32,32/64,fillet,,,
ANSI B92.1 32/64 DP 73T 45deg (Fillet),involute,imperial,external,73,45,0,40,,58.7375,57.15,32,32/64,fillet,,,
ANSI B92.1 32/64 DP 74T 45deg (Fillet),involute,imperial,external,74,45,0,40,,59.5312,57.9437,32,32/64,fillet,,,
ANSI B92.1 32/64 DP 75T 45deg (Fillet),involute,imperial,external,75,45,0,40,,60.325,58.7375,32,32/64,fillet,,,
ANSI B92.1 32/64 DP 76T 45deg (Fillet),involute,imperial,external,76,45,0,40,,61.1187,59.5312,32,32/64,fillet,,,
ANSI B92.1 32/64 DP 77T 45deg (Fillet),involute,imperial,external,77,45,0,40,,61.9125,60.325,32,32/64,fillet,,,
ANSI B92.1 32/64 DP 78T 45deg (Fillet),involute,imperial,external,78,45,0,40,,62.7062,61.1187,32,32/64,fillet,,,
ANSI B92.1 32/64 DP 79T 45deg (Fillet),involute,imperial,external,79,45,0,40,,63.5,61.9125,32,32/64,fillet,,,
ANSI B92.1 32/64 DP 80T 45deg (Fillet),involute,imperial,external,80,45,0,40,,64.2938,62.7062,32,32/64,fillet,,,
ANSI B92.1 32/64 DP 81T 45deg (Fillet),involute,imperial,external,81,45,0,40,,65.0875,63.5,32,32/64,fillet,,,
ANSI B92.1 32/64 DP 82T 45deg (Fillet),involute,imperial,external,82,45,0,40,,65.8812,64.2938,32,32/64,fillet,,,
ANSI B92.1 32/64 DP 83T 45deg (Fillet),involute,imperial,external,83,45,0,40,,66.675,65.0875,32,32/64,fillet,,,
ANSI B92.1 32/64 DP 84T 45deg (Fillet),involute,imperial,external,84,45,0,40,,67.4688,65.8812,32,32/64,fillet,,,
ANSI B92.1 32/64 DP 85T 45deg (Fillet),involute,imperial,external,85,45,0,40,,68.2625,66.675,32,32/64,fillet,,,
ANSI B92.1 32/64 DP 86T 45deg (Fillet),involute,imperial,external,86,45,0,40,,69.0562,67.4688,32,32/64,fillet,,,
ANSI B92.1 32/64 DP 87T 45deg (Fillet),involute,imperial,external,87,45,0,40,,69.85,68.2625,32,32/64,fillet,,,
ANSI B92.1 32/64 DP 88T 45deg (Fillet),involute,imperial,external,88,45,0,40,,70.6437,69.0562,32,32/64,fillet,,,
ANSI B92.1 32/64 DP 89T 45deg (Fillet),involute,imperial,external,89,45,0,40,,71.4375,69.85,32,32/64,fillet,,,
ANSI B92.1 32/64 DP 90T 45deg (Fillet),involute,imperial,external,90,45,0,40,,72.2313,70.6437,32,32/64,fillet,,,
ANSI B92.1 32/64 DP 91T 45deg (Fillet),involute,imperial,external,91,45,0,40,,73.025,71.4375,32,32/64,fillet,,,
ANSI B92.1 32/64 DP 92T 45deg (Fillet),involute,imperial,external,92,45,0,40,,73.8187,72.2313,32,32/64,fillet,,,
ANSI B92.1 32/64 DP 93T 45deg (Fillet),involute,imperial,external,93,45,0,40,,74.6125,73.025,32,32/64,fillet,,,
ANSI B92.1 32/64 DP 94T 45deg (Fillet),involute,imperial,external,94,45,0,40,,75.4062,73.8187,32,32/64,fillet,,,
ANSI B92.1 32/64 DP 95T 45deg (Fillet),involute,imperial,external,95,45,0,40,,76.2,74.6125,32,32/64,fillet,,,
ANSI B92.1 32/64 DP 96T 45deg (Fillet),involute,imperial,external,96,45,0,40,,76.9937,75.4062,32,32/64,fillet,,,
ANSI B92.1 40/80 DP 12T 30deg,involute,imperial,external,12,30,0,40,,8.255,6.35,40,40/80,flat,,,
ANSI B92.1 40/80 DP 13T 30deg,involute,imperial,external,13,30,0,40,,8.89,6.985,40,40/80,flat,,,
ANSI B92.1 40/80 DP 14T 30deg,involute,imperial,external,14,30,0,40,,9.525,7.62,40,40/80,flat,,,
ANSI B92.1 40/80 DP 15T 30deg,involute,imperial,external,15,30,0,40,,10.16,8.255,40,40/80,flat,,,
ANSI B92.1 40/80 DP 16T 30deg,involute,imperial,external,16,30,0,40,,10.795,8.89,40,40/80,flat,,,
ANSI B92.1 40/80 DP 17T 30deg,involute,imperial,external,17,30,0,40,,11.43,9.525,40,40/80,flat,,,
ANSI B92.1 40/80 DP 18T 30deg,involute,imperial,external,18,30,0,40,,12.065,10.16,40,40/80,flat,,,
ANSI B92.1 40/80 DP 19T 30deg,involute,imperial,external,19,30,0,40,,12.7,10.795,40,40/80,flat,,,
ANSI B92.1 40/80 DP 20T 30deg,involute,imperial,external,20,30,0,40,,13.335,11.43,40,40/80,flat,,,
ANSI B92.1 40/80 DP 21T 30deg,involute,imperial,external,21,30,0,40,,13.97,12.065,40,40/80,flat,,,
ANSI B92.1 40/80 DP 22T 30deg,involute,imperial,external,22,30,0,40,,14.605,12.7,40,40/80,flat,,,
ANSI B92.1 40/80 DP 23T 30deg,involute,imperial,external,23,30,0,40,,15.24,13.335,40,40/80,flat,,,
ANSI B92.1 40/80 DP 24T 30deg,involute,imperial,external,24,30,0,40,,15.875,13.97,40,40/80,flat,,,
ANSI B92.1 40/80 DP 25T 30deg,involute,imperial,external,25,30,0,40,,16.51,14.605,40,40/80,flat,,,
ANSI B92.1 40/80 DP 26T 30deg,involute,imperial,external,26,30,0,40,,17.145,15.24,40,40/80,flat,,,
ANSI B92.1 40/80 DP 27T 30deg,involute,imperial,external,27,30,0,40,,17.78,15.875,40,40/80,flat,,,
ANSI B92.1 40/80 DP 28T 30deg,involute,imperial,external,28,30,0,40,,18.415,16.51,40,40/80,flat,,,
ANSI B92.1 40/80 DP 29T 30deg,involute,imperial,external,29,30,0,40,,19.05,17.145,40,40/80,flat,,,
ANSI B92.1 40/80 DP 30T 30deg,involute,imperial,external,30,30,0,40,,19.685,17.78,40,40/80,flat,,,
ANSI B92.1 40/80 DP 31T 30deg,involute,imperial,external,31,30,0,40,,20.32,18.415,40,40/80,flat,,,
ANSI B92.1 40/80 DP 32T 30deg,involute,imperial,external,32,30,0,40,,20.955,19.05,40,40/80,flat,,,
ANSI B92.1 40/80 DP 33T 30deg,involute,imperial,external,33,30,0,40,,21.59,19.685,40,40/80,flat,,,
ANSI B92.1 40/80 DP 34T 30deg,involute,imperial,external,34,30,0,40,,22.225,20.32,40,40/80,flat,,,
ANSI B92.1 40/80 DP 35T 30deg,involute,imperial,external,35,30,0,40,,22.86,20.955,40,40/80,flat,,,
ANSI B92.1 40/80 DP 36T 30deg,involute,imperial,external,36,30,0,40,,23.495,21.59,40,40/80,flat,,,
ANSI B92.1 40/80 DP 37T 30deg,involute,imperial,external,37,30,0,40,,24.13,22.225,40,40/80,flat,,,
ANSI B92.1 40/80 DP 38T 30deg,involute,imperial,external,38,30,0,40,,24.765,22.86,40,40/80,flat,,,
ANSI B92.1 40/80 DP 39T 30deg,involute,imperial,external,39,30,0,40,,25.4,23.495,40,40/80,flat,,,
ANSI B92.1 40/80 DP 40T 30deg,involute,imperial,external,40,30,0,40,,26.035,24.13,40,40/80,flat,,,
ANSI B92.1 40/80 DP 41T 30deg,involute,imperial,external,41,30,0,40,,26.67,24.765,40,40/80,flat,,,
ANSI B92.1 40/80 DP 42T 30deg,involute,imperial,external,42,30,0,40,,27.305,25.4,40,40/80,flat,,,
ANSI B92.1 40/80 DP 43T 30deg,involute,imperial,external,43,30,0,40,,27.94,26.035,40,40/80,flat,,,
ANSI B92.1 40/80 DP 44T 30deg,involute,imperial,external,44,30,0,40,,28.575,26.67,40,40/80,flat,,,
ANSI B92.1 40/80 DP 45T 30deg,involute,imperial,external,45,30,0,40,,29.21,27.305,40,40/80,flat,,,
ANSI B92.1 40/80 DP 46T 30deg,involute,imperial,external,46,30,0,40,,29.845,27.94,40,40/80,flat,,,
ANSI B92.1 40/80 DP 47T 30deg,involute,imperial,external,47,30,0,40,,30.48,28.575,40,40/80,flat,,,
ANSI B92.1 40/80 DP 48T 30deg,involute,imperial,external,48,30,0,40,,31.115,29.21,40,40/80,flat,,,
ANSI B92.1 40/80 DP 49T 30deg,involute,imperial,external,49,30,0,40,,31.75,29.845,40,40/80,flat,,,
ANSI B92.1 40/80 DP 50T 30deg,involute,imperial,external,50,30,0,40,,32.385,30.48,40,40/80,flat,,,
ANSI B92.1 40/80 DP 51T 30deg,involute,imperial,external,51,30,0,40,,33.02,31.115,40,40/80,flat,,,
ANSI B92.1 40/80 DP 52T 30deg,involute,imperial,external,52,30,0,40,,33.655,31.75,40,40/80,flat,,,
ANSI B92.1 40/80 DP 53T 30deg,involute,imperial,external,53,30,0,40,,34.29,32.385,40,40/80,flat,,,
ANSI B92.1 40/80 DP 54T 30deg,involute,imperial,external,54,30,0,40,,34.925,33.02,40,40/80,flat,,,
ANSI B92.1 40/80 DP 55T 30deg,involute,imperial,external,55,30,0,40,,35.56,33.655,40,40/80,flat,,,
ANSI B92.1 40/80 DP 56T 30deg,involute,imperial,external,56,30,0,40,,36.195,34.29,40,40/80,flat,,,
ANSI B92.1 40/80 DP 57T 30deg,involute,imperial,external,57,30,0,40,,36.83,34.925,40,40/80,flat,,,
ANSI B92.1 40/80 DP 58T 30deg,involute,imperial,external,58,30,0,40,,37.465,35.56,40,40/80,flat,,,
ANSI B92.1 40/80 DP 59T 30deg,involute,imperial,external,59,30,0,40,,38.1,36.195,40,40/80,flat,,,
ANSI B92.1 40/80 DP 60T 30deg,involute,imperial,external,60,30,0,40,,38.735,36.83,40,40/80,flat,,,
ANSI B92.1 40/80 DP 12T 30deg (Fillet),involute,imperial,external,12,30,0,40,,8.255,6.477,40,40/80,fillet,,,
ANSI B92.1 40/80 DP 13T 30deg (Fillet),involute,imperial,external,13,30,0,40,,8.89,7.112,40,40/80,fillet,,,
ANSI B92.1 40/80 DP 14T 30deg (Fillet),involute,imperial,external,14,30,0,40,,9.525,7.747,40,40/80,fillet,,,
ANSI B92.1 40/80 DP 15T 30deg (Fillet),involute,imperial,external,15,30,0,40,,10.16,8.382,40,40/80,fillet,,,
ANSI B92.1 40/80 DP 16T 30deg (Fillet),involute,imperial,external,16,30,0,40,,10.795,9.017,40,40/80,fillet,,,
ANSI B92.1 40/80 DP 17T 30deg (Fillet),involute,imperial,external,17,30,0,40,,11.43,9.652,40,40/80,fillet,,,
ANSI B92.1 40/80 DP 18T 30deg (Fillet),involute,imperial,external,18,30,0,40,,12.065,10.287,40,40/80,fillet,,,
ANSI B92.1 40/80 DP 19T 30deg (Fillet),involute,imperial,external,19,30,0,40,,12.7,10.922,40,40/80,fillet,,,
ANSI B92.1 40/80 DP 20T 30deg (Fillet),involute,imperial,external,20,30,0,40,,13.335,11.557,40,40/80,fillet,,,
ANSI B92.1 40/80 DP 21T 30deg (Fillet),involute,imperial,external,21,30,0,40,,13.97,12.192,40,40/80,fillet,,,
ANSI B92.1 40/80 DP 22T 30deg (Fillet),involute,imperial,external,22,30,0,40,,14.605,12.827,40,40/80,fillet,,,
ANSI B92.1 40/80 DP 23T 30deg (Fillet),involute,imperial,external,23,30,0,40,,15.24,13.462,40,40/80,fillet,,,
ANSI B92.1 40/80 DP 24T 30deg (Fillet),involute,imperial,external,24,30,0,40,,15.875,14.097,40,40/80,fillet,,,
ANSI B92.1 40/80 DP 25T 30deg (Fillet),involute,imperial,external,25,30,0,40,,16.51,14.732,40,40/80,fillet,,,
ANSI B92.1 40/80 DP 26T 30deg (Fillet),involute,imperial,external,26,30,0,40,,17.145,15.367,40,40/80,fillet,,,
ANSI B92.1 40/80 DP 27T 30deg (Fillet),involute,imperial,external,27,30,0,40,,17.78,16.002,40,40/80,fillet,,,
ANSI B92.1 40/80 DP 28T 30deg (Fillet),involute,imperial,external,28,30,0,40,,18.415,16.637,40,40/80,fillet,,,
ANSI B92.1 40/80 DP 29T 30deg (Fillet),involute,imperial,external,29,30,0,40,,19.05,17.272,40,40/80,fillet,,,
ANSI B92.1 40/80 DP 30T 30deg (Fillet),involute,imperial,external,30,30,0,40,,19.685,17.907,40,40/80,fillet,,,
ANSI B92.1 40/80 DP 31T 30deg (Fillet),involute,imperial,external,31,30,0,40,,20.32,18.542,40,40/80,fillet,,,
ANSI B92.1 40/80 DP 32T 30deg (Fillet),involute,imperial,external,32,30,0,40,,20.955,19.177,40,40/80,fillet,,,
ANSI B92.1 40/80 DP 33T 30deg (Fillet),involute,imperial,external,33,30,0,40,,21.59,19.812,40,40/80,fillet,,,
ANSI B92.1 40/80 DP 34T 30deg (Fillet),involute,imperial,external,34,30,0,40,,22.225,20.447,40,40/80,fillet,,,
ANSI B92.1 40/80 DP 35T 30deg (Fillet),involute,imperial,external,35,30,0,40,,22.86,21.082,40,40/80,fillet,,,
ANSI B92.1 40/80 DP 36T 30deg (Fillet),involute,imperial,external,36,30,0,40,,23.495,21.717,40,40/80,fillet,,,
ANSI B92.1 40/80 DP 37T 30deg (Fillet),involute,imperial,external,37,30,0,40,,24.13,22.352,40,40/80,fillet,,,
ANSI B92.1 40/80 DP 38T 30deg (Fillet),involute,imperial,external,38,30,0,40,,24.765,22.987,40,40/80,fillet,,,
ANSI B92.1 40/80 DP 39T 30deg (Fillet),involute,imperial,external,39,30,0,40,,25.4,23.622,40,40/80,fillet,,,
ANSI B92.1 40/80 DP 40T 30deg (Fillet),involute,imperial,external,40,30,0,40,,26.035,24.257,40,40/80,fillet,,,
ANSI B92.1 40/80 DP 41T 30deg (Fillet),involute,imperial,external,41,30,0,40,,26.67,24.892,40,40/80,fillet,,,
ANSI B92.1 40/80 DP 42T 30deg (Fillet),involute,imperial,external,42,30,0,40,,27.305,25.527,40,40/80,fillet,,,
ANSI B92.1 40/80 DP 43T 30deg (Fillet),involute,imperial,external,43,30,0,40,,27.94,26.162,40,40/80,fillet,,,
ANSI B92.1 40/80 DP 44T 30deg (Fillet),involute,imperial,external,44,30,0,40,,28.575,26.797,40,40/80,fillet,,,
ANSI B92.1 40/80 DP 45T 30deg (Fillet),involute,imperial,external,45,30,0,40,,29.21,27.432,40,40/80,fillet,,,
ANSI B92.1 40/80 DP 46T 30deg (Fillet),involute,imperial,external,46,30,0,40,,29.845,28.067,40,40/80,fillet,,,
ANSI B92.1 40/80 DP 47T 30deg (Fillet),involute,imperial,external,47,30,0,40,,30.48,28.702,40,40/80,fillet,,,
ANSI B92.1 40/80 DP 48T 30deg (Fillet),involute,imperial,external,48,30,0,40,,31.115,29.337,40,40/80,fillet,,,
ANSI B92.1 40/80 DP 49T 30deg (Fillet),involute,imperial,external,49,30,0,40,,31.75,29.972,40,40/80,fillet,,,
ANSI B92.1 40/80 DP 50T 30deg (Fillet),involute,imperial,external,50,30,0,40,,32.385,30.607,40,40/80,fillet,,,
ANSI B92.1 40/80 DP 51T 30deg (Fillet),involute,imperial,external,51,30,0,40,,33.02,31.242,40,40/80,fillet,,,
ANSI B92.1 40/80 DP 52T 30deg (Fillet),involute,imperial,external,52,30,0,40,,33.655,31.877,40,40/80,fillet,,,
ANSI B92.1 40/80 DP 53T 30deg (Fillet),involute,imperial,external,53,30,0,40,,34.29,32.512,40,40/80,fillet,,,
ANSI B92.1 40/80 DP 54T 30deg (Fillet),involute,imperial,external,54,30,0,40,,34.925,33.147,40,40/80,fillet,,,
ANSI B92.1 40/80 DP 55T 30deg (Fillet),involute,imperial,external,55,30,0,40,,35.56,33.782,40,40/80,fillet,,,
ANSI B92.1 40/80 DP 56T 30deg (Fillet),involute,imperial,external,56,30,0,40,,36.195,34.417,40,40/80,fillet,,,
ANSI B92.1 40/80 DP 57T 30deg (Fillet),involute,imperial,external,57,30,0,40,,36.83,35.052,40,40/80,fillet,,,
ANSI B92.1 40/80 DP 58T 30deg (Fillet),involute,imperial,external,58,30,0,40,,37.465,35.687,40,40/80,fillet,,,
ANSI B92.1 40/80 DP 59T 30deg (Fillet),involute,imperial,external,59,30,0,40,,38.1,36.322,40,40/80,fillet,,,
ANSI B92.1 40/80 DP 60T 30deg (Fillet),involute,imperial,external,60,30,0,40,,38.735,36.957,40,40/80,fillet,,,
ANSI B92.1 40/80 DP 12T 37.5deg (Fillet),involute,imperial,external,12,37.5,0,40,,8.255,6.7945,40,40/80,fillet,,,
ANSI B92.1 40/80 DP 13T 37.5deg (Fillet),involute,imperial,external,13,37.5,0,40,,8.89,7.4295,40,40/80,fillet,,,
ANSI B92.1 40/80 DP 14T 37.5deg (Fillet),involute,imperial,external,14,37.5,0,40,,9.525,8.0645,40,40/80,fillet,,,
ANSI B92.1 40/80 DP 15T 37.5deg (Fillet),involute,imperial,external,15,37.5,0,40,,10.16,8.6995,40,40/80,fillet,,,
ANSI B92.1 40/80 DP 16T 37.5deg (Fillet),involute,imperial,external,16,37.5,0,40,,10.795,9.3345,40,40/80,fillet,,,
ANSI B92.1 40/80 DP 17T 37.5deg (Fillet),involute,imperial,external,17,37.5,0,40,,11.43,9.9695,40,40/80,fillet,,,
ANSI B92.1 40/80 DP 18T 37.5deg (Fillet),involute,imperial,external,18,37.5,0,40,,12.065,10.6045,40,40/80,fillet,,,
ANSI B92.1 40/80 DP 19T 37.5deg (Fillet),involute,imperial,external,19,37.5,0,40,,12.7,11.2395,40,40/80,fillet,,,
ANSI B92.1 40/80 DP 20T 37.5deg (Fillet),involute,imperial,external,20,37.5,0,40,,13.335,11.8745,40,40/80,fillet,,,
ANSI B92.1 40/80 DP 21T 37.5deg (Fillet),involute,imperial,external,21,37.5,0,40,,13.97,12.5095,40,40/80,fillet,,,
ANSI B92.1 40/80 DP 22T 37.5deg (Fillet),involute,imperial,external,22,37.5,0,40,,14.605,13.1445,40,40/80,fillet,,,
ANSI B92.1 40/80 DP 23T 37.5deg (Fillet),involute,imperial,external,23,37.5,0,40,,15.24,13.7795,40,40/80,fillet,,,
ANSI B92.1 40/80 DP 24T 37.5deg (Fillet),involute,imperial,external,24,37.5,0,40,,15.875,14.4145,40,40/80,fillet,,,
ANSI B92.1 40/80 DP 25T 37.5deg (Fillet),involute,imperial,external,25,37.5,0,40,,16.51,15.0495,40,40/80,fillet,,,
ANSI B92.1 40/80 DP 26T 37.5deg (Fillet),involute,imperial,external,26,37.5,0,40,,17.145,15.6845,40,40/80,fillet,,,
ANSI B92.1 40/80 DP 27T 37.5deg (Fillet),involute,imperial,external,27,37.5,0,40,,17.78,16.3195,40,40/80,fillet,,,
ANSI B92.1 40/80 DP 28T 37.5deg (Fillet),involute,imperial,external,28,37.5,0,40,,18.415,16.9545,40,40/80,fillet,,,
ANSI B92.1 40/80 DP 29T 37.5deg (Fillet),involute,imperial,external,29,37.5,0,40,,19.05,17.5895,40,40/80,fillet,,,
ANSI B92.1 40/80 DP 30T 37.5deg (Fillet),involute,imperial,external,30,37.5,0,40,,19.685,18.2245,40,40/80,fillet,,,
ANSI B92.1 40/80 DP 31T 37.5deg (Fillet),involute,imperial,external,31,37.5,0,40,,20.32,18.8595,40,40/80,fillet,,,
ANSI B92.1 40/80 DP 32T 37.5deg (Fillet),involute,imperial,external,32,37.5,0,40,,20.955,19.4945,40,40/80,fillet,,,
ANSI B92.1 40/80 DP 33T 37.5deg (Fillet),involute,imperial,external,33,37.5,0,40,,21.59,20.1295,40,40/80,fillet,,,
ANSI B92.1 40/80 DP 34T 37.5deg (Fillet),involute,imperial,external,34,37.5,0,40,,22.225,20.7645,40,40/80,fillet,,,
ANSI B92.1 40/80 DP 35T 37.5deg (Fillet),involute,imperial,external,35,37.5,0,40,,22.86,21.3995,40,40/80,fillet,,,
ANSI B92.1 40/80 DP 36T 37.5deg (Fillet),involute,imperial,external,36,37.5,0,40,,23.495,22.0345,40,40/80,fillet,,,
ANSI B92.1 40/80 DP 37T 37.5deg (Fillet),involute,imperial,external,37,37.5,0,40,,24.13,22.6695,40,40/80,fillet,,,
ANSI B92.1 40/80 DP 38T 37.5deg (Fillet),involute,imperial,external,38,37.5,0,40,,24.765,23.3045,40,40/80,fillet,,,
ANSI B92.1 40/80 DP 39T 37.5deg (Fillet),involute,imperial,external,39,37.5,0,40,,25.4,23.9395,40,40/80,fillet,,,
ANSI B92.1 40/80 DP 40T 37.5deg (Fillet),involute,imperial,external,40,37.5,0,40,,26.035,24.5745,40,40/80,fillet,,,
ANSI B92.1 40/80 DP 41T 37.5deg (Fillet),involute,imperial,external,41,37.5,0,40,,26.67,25.2095,40,40/80,fillet,,,
ANSI B92.1 40/80 DP 42T 37.5deg (Fillet),involute,imperial,external,42,37.5,0,40,,27.305,25.8445,40,40/80,fillet,,,
ANSI B92.1 40/80 DP 43T 37.5deg (Fillet),involute,imperial,external,43,37.5,0,40,,27.94,26.4795,40,40/80,fillet,,,
ANSI B92.1 40/80 DP 44T 37.5deg (Fillet),involute,imperial,external,44,37.5,0,40,,28.575,27.1145,40,40/80,fillet,,,
ANSI B92.1 40/80 DP 45T 37.5deg (Fillet),involute,imperial,external,45,37.5,0,40,,29.21,27.7495,40,40/80,fillet,,,
ANSI B92.1 40/80 DP 46T 37.5deg (Fillet),involute,imperial,external,46,37.5,0,40,,29.845,28.3845,40,40/80,fillet,,,
ANSI B92.1 40/80 DP 47T 37.5deg (Fillet),involute,imperial,external,47,37.5,0,40,,30.48,29.0195,40,40/80,fillet,,,
ANSI B92.1 40/80 DP 48T 37.5deg (Fillet),involute,imperial,external,48,37.5,0,40,,31.115,29.6545,40,40/80,fillet,,,
ANSI B92.1 40/80 DP 49T 37.5deg (Fillet),involute,imperial,external,49,37.5,0,40,,31.75,30.2895,40,40/80,fillet,,,
ANSI B92.1 40/80 DP 50T 37.5deg (Fillet),involute,imperial,external,50,37.5,0,40,,32.385,30.9245,40,40/80,fillet,,,
ANSI B92.1 40/80 DP 51T 37.5deg (Fillet),involute,imperial,external,51,37.5,0,40,,33.02,31.5595,40,40/80,fillet,,,
ANSI B92.1 40/80 DP 52T 37.5deg (Fillet),involute,imperial,external,52,37.5,0,40,,33.655,32.1945,40,40/80,fillet,,,
ANSI B92.1 40/80 DP 53T 37.5deg (Fillet),involute,imperial,external,53,37.5,0,40,,34.29,32.8295,40,40/80,fillet,,,
ANSI B92.1 40/80 DP 54T 37.5deg (Fillet),involute,imperial,external,54,37.5,0,40,,34.925,33.4645,40,40/80,fillet,,,
ANSI B92.1 40/80 DP 55T 37.5deg (Fillet),involute,imperial,external,55,37.5,0,40,,35.56,34.0995,40,40/80,fillet,,,
ANSI B92.1 40/80 DP 56T 37.5deg (Fillet),involute,imperial,external,56,37.5,0,40,,36.195,34.7345,40,40/80,fillet,,,
ANSI B92.1 40/80 DP 57T 37.5deg (Fillet),involute,imperial,external,57,37.5,0,40,,36.83,35.3695,40,40/80,fillet,,,
ANSI B92.1 40/80 DP 58T 37.5deg (Fillet),involute,imperial,external,58,37.5,0,40,,37.465,36.0045,40,40/80,fillet,,,
ANSI B92.1 40/80 DP 59T 37.5deg (Fillet),involute,imperial,external,59,37.5,0,40,,38.1,36.6395,40,40/80,fillet,,,
ANSI B92.1 40/80 DP 60T 37.5deg (Fillet),involute,imperial,external,60,37.5,0,40,,38.735,37.2745,40,40/80,fillet,,,
ANSI B92.1 40/80 DP 12T 45deg (Fillet),involute,imperial,external,12,45,0,40,,8.255,6.985,40,40/80,fillet,,,
ANSI B92.1 40/80 DP 13T 45deg (Fillet),involute,imperial,external,13,45,0,40,,8.89,7.62,40,40/80,fillet,,,
ANSI B92.1 40/80 DP 14T 45deg (Fillet),involute,imperial,external,14,45,0,40,,9.525,8.255,40,40/80,fillet,,,
ANSI B92.1 40/80 DP 15T 45deg (Fillet),involute,imperial,external,15,45,0,40,,10.16,8.89,40,40/80,fillet,,,
ANSI B92.1 40/80 DP 16T 45deg (Fillet),involute,imperial,external,16,45,0,40,,10.795,9.525,40,40/80,fillet,,,
ANSI B92.1 40/80 DP 17T 45deg (Fillet),involute,imperial,external,17,45,0,40,,11.43,10.16,40,40/80,fillet,,,
ANSI B92.1 40/80 DP 18T 45deg (Fillet),involute,imperial,external,18,45,0,40,,12.065,10.795,40,40/80,fillet,,,
ANSI B92.1 40/80 DP 19T 45deg (Fillet),involute,imperial,external,19,45,0,40,,12.7,11.43,40,40/80,fillet,,,
ANSI B92.1 40/80 DP 20T 45deg (Fillet),involute,imperial,external,20,45,0,40,,13.335,12.065,40,40/80,fillet,,,
ANSI B92.1 40/80 DP 21T 45deg (Fillet),involute,imperial,external,21,45,0,40,,13.97,12.7,40,40/80,fillet,,,
ANSI B92.1 40/80 DP 22T 45deg (Fillet),involute,imperial,external,22,45,0,40,,14.605,13.335,40,40/80,fillet,,,
ANSI B92.1 40/80 DP 23T 45deg (Fillet),involute,imperial,external,23,45,0,40,,15.24,13.97,40,40/80,fillet,,,
ANSI B92.1 40/80 DP 24T 45deg (Fillet),involute,imperial,external,24,45,0,40,,15.875,14.605,40,40/80,fillet,,,
ANSI B92.1 40/80 DP 25T 45deg (Fillet),involute,imperial,external,25,45,0,40,,16.51,15.24,40,40/80,fillet,,,
ANSI B92.1 40/80 DP 26T 45deg (Fillet),involute,imperial,external,26,45,0,40,,17.145,15.875,40,40/80,fillet,,,
ANSI B92.1 40/80 DP 27T 45deg (Fillet),involute,imperial,external,27,45,0,40,,17.78,16.51,40,40/80,fillet,,,
ANSI B92.1 40/80 DP 28T 45deg (Fillet),involute,imperial,external,28,45,0,40,,18.415,17.145,40,40/80,fillet,,,
ANSI B92.1 40/80 DP 29T 45deg (Fillet),involute,imperial,external,29,45,0,40,,19.05,17.78,40,40/80,fillet,,,
ANSI B92.1 40/80 DP 30T 45deg (Fillet),involute,imperial,external,30,45,0,40,,19.685,18.415,40,40/80,fillet,,,
ANSI B92.1 40/80 DP 31T 45deg (Fillet),involute,imperial,external,31,45,0,40,,20.32,19.05,40,40/80,fillet,,,
ANSI B92.1 40/80 DP 32T 45deg (Fillet),involute,imperial,external,32,45,0,40,,20.955,19.685,40,40/80,fillet,,,
ANSI B92.1 40/80 DP 33T 45deg (Fillet),involute,imperial,external,33,45,0,40,,21.59,20.32,40,40/80,fillet,,,
ANSI B92.1 40/80 DP 34T 45deg (Fillet),involute,imperial,external,34,45,0,40,,22.225,20.955,40,40/80,fillet,,,
ANSI B92.1 40/80 DP 35T 45deg (Fillet),involute,imperial,external,35,45,0,40,,22.86,21.59,40,40/80,fillet,,,
ANSI B92.1 40/80 DP 36T 45deg (Fillet),involute,imperial,external,36,45,0,40,,23.495,22.225,40,40/80,fillet,,,
ANSI B92.1 40/80 DP 37T 45deg (Fillet),involute,imperial,external,37,45,0,40,,24.13,22.86,40,40/80,fillet,,,
ANSI B92.1 40/80 DP 38T 45deg (Fillet),involute,imperial,external,38,45,0,40,,24.765,23.495,40,40/80,fillet,,,
ANSI B92.1 40/80 DP 39T 45deg (Fillet),involute,imperial,external,39,45,0,40,,25.4,24.13,40,40/80,fillet,,,
ANSI B92.1 40/80 DP 40T 45deg (Fillet),involute,imperial,external,40,45,0,40,,26.035,24.765,40,40/80,fillet,,,
ANSI B92.1 40/80 DP 41T 45deg (Fillet),involute,imperial,external,41,45,0,40,,26.67,25.4,40,40/80,fillet,,,
ANSI B92.1 40/80 DP 42T 45deg (Fillet),involute,imperial,external,42,45,0,40,,27.305,26.035,40,40/80,fillet,,,
ANSI B92.1 40/80 DP 43T 45deg (Fillet),involute,imperial,external,43,45,0,40,,27.94,26.67,40,40/80,fillet,,,
ANSI B92.1 40/80 DP 44T 45deg (Fillet),involute,imperial,external,44,45,0,40,,28.575,27.305,40,40/80,fillet,,,
ANSI B92.1 40/80 DP 45T 45deg (Fillet),involute,imperial,external,45,45,0,40,,29.21,27.94,40,40/80,fillet,,,
ANSI B92.1 40/80 DP 46T 45deg (Fillet),involute,imperial,external,46,45,0,40,,29.845,28.575,40,40/80,fillet,,,
ANSI B92.1 40/80 DP 47T 45deg (Fillet),involute,imperial,external,47,45,0,40,,30.48,29.21,40,40/80,fillet,,,
ANSI B92.1 40/80 DP 48T 45deg (Fillet),involute,imperial,external,48,45,0,40,,31.115,29.845,40,40/80,fillet,,,
ANSI B92.1 40/80 DP 49T 45deg (Fillet),involute,imperial,external,49,45,0,40,,31.75,30.48,40,40/80,fillet,,,
ANSI B92.1 40/80 DP 50T 45deg (Fillet),involute,imperial,external,50,45,0,40,,32.385,31.115,40,40/80,fillet,,,
ANSI B92.1 40/80 DP 51T 45deg (Fillet),involute,imperial,external,51,45,0,40,,33.02,31.75,40,40/80,fillet,,,
ANSI B92.1 40/80 DP 52T 45deg (Fillet),involute,imperial,external,52,45,0,40,,33.655,32.385,40,40/80,fillet,,,
ANSI B92.1 40/80 DP 53T 45deg (Fillet),involute,imperial,external,53,45,0,40,,34.29,33.02,40,40/80,fillet,,,
ANSI B92.1 40/80 DP 54T 45deg (Fillet),involute,imperial,external,54,45,0,40,,34.925,33.655,40,40/80,fillet,,,
ANSI B92.1 40/80 DP 55T 45deg (Fillet),involute,imperial,external,55,45,0,40,,35.56,34.29,40,40/80,fillet,,,
ANSI B92.1 40/80 DP 56T 45deg (Fillet),involute,imperial,external,56,45,0,40,,36.195,34.925,40,40/80,fillet,,,
ANSI B92.1 40/80 DP 57T 45deg (Fillet),involute,imperial,external,57,45,0,40,,36.83,35.56,40,40/80,fillet,,,
ANSI B92.1 40/80 DP 58T 45deg (Fillet),involute,imperial,external,58,45,0,40,,37.465,36.195,40,40/80,fillet,,,
ANSI B92.1 40/80 DP 59T 45deg (Fillet),involute,imperial,external,59,45,0,40,,38.1,36.83,40,40/80,fillet,,,
ANSI B92.1 40/80 DP 60T 45deg (Fillet),involute,imperial,external,60,45,0,40,,38.735,37.465,40,40/80,fillet,,,
ANSI B92.1 40/80 DP 61T 45deg (Fillet),involute,imperial,external,61,45,0,40,,39.37,38.1,40,40/80,fillet,,,
ANSI B92.1 40/80 DP 62T 45deg (Fillet),involute,imperial,external,62,45,0,40,,40.005,38.735,40,40/80,fillet,,,
ANSI B92.1 40/80 DP 63T 45deg (Fillet),involute,imperial,external,63,45,0,40,,40.64,39.37,40,40/80,fillet,,,
ANSI B92.1 40/80 DP 64T 45deg (Fillet),involute,imperial,external,64,45,0,40,,41.275,40.005,40,40/80,fillet,,,
ANSI B92.1 40/80 DP 65T 45deg (Fillet),involute,imperial,external,65,45,0,40,,41.91,40.64,40,40/80,fillet,,,
ANSI B92.1 40/80 DP 66T 45deg (Fillet),involute,imperial,external,66,45,0,40,,42.545,41.275,40,40/80,fillet,,,
ANSI B92.1 40/80 DP 67T 45deg (Fillet),involute,imperial,external,67,45,0,40,,43.18,41.91,40,40/80,fillet,,,
ANSI B92.1 40/80 DP 68T 45deg (Fillet),involute,imperial,external,68,45,0,40,,43.815,42.545,40,40/80,fillet,,,
ANSI B92.1 40/80 DP 69T 45deg (Fillet),involute,imperial,external,69,45,0,40,,44.45,43.18,40,40/80,fillet,,,
ANSI B92.1 40/80 DP 70T 45deg (Fillet),involute,imperial,external,70,45,0,40,,45.085,43.815,40,40/80,fillet,,,
ANSI B92.1 40/80 DP 71T 45deg (Fillet),involute,imperial,external,71,45,0,40,,45.72,44.45,40,40/80,fillet,,,
ANSI B92.1 40/80 DP 72T 45deg (Fillet),involute,imperial,external,72,45,0,40,,46.355,45.085,40,40/80,fillet,,,
ANSI B92.1 40/80 DP 73T 45deg (Fillet),involute,imperial,external,73,45,0,40,,46.99,45.72,40,40/80,fillet,,,
ANSI B92.1 40/80 DP 74T 45deg (Fillet),involute,imperial,external,74,45,0,40,,47.625,46.355,40,40/80,fillet,,,
ANSI B92.1 40/80 DP 75T 45deg (Fillet),involute,imperial,external,75,45,0,40,,48.26,46.99,40,40/80,fillet,,,
ANSI B92.1 40/80 DP 76T 45deg (Fillet),involute,imperial,external,76,45,0,40,,48.895,47.625,40,40/80,fillet,,,
ANSI B92.1 40/80 DP 77T 45deg (Fillet),involute,imperial,external,77,45,0,40,,49.53,48.26,40,40/80,fillet,,,
ANSI B92.1 40/80 DP 78T 45deg (Fillet),involute,imperial,external,78,45,0,40,,50.165,48.895,40,40/80,fillet,,,
ANSI B92.1 40/80 DP 79T 45deg (Fillet),involute,imperial,external,79,45,0,40,,50.8,49.53,40,40/80,fillet,,,
ANSI B92.1 40/80 DP 80T 45deg (Fillet),involute,imperial,external,80,45,0,40,,51.435,50.165,40,40/80,fillet,,,
ANSI B92.1 40/80 DP 81T 45deg (Fillet),involute,imperial,external,81,45,0,40,,52.07,50.8,40,40/80,fillet,,,
ANSI B92.1 40/80 DP 82T 45deg (Fillet),involute,imperial,external,82,45,0,40,,52.705,51.435,40,40/80,fillet,,,
ANSI B92.1 40/80 DP 83T 45deg (Fillet),involute,imperial,external,83,45,0,40,,53.34,52.07,40,40/80,fillet,,,
ANSI B92.1 40/80 DP 84T 45deg (Fillet),involute,imperial,external,84,45,0,40,,53.975,52.705,40,40/80,fillet,,,
ANSI B92.1 40/80 DP 85T 45deg (Fillet),involute,imperial,external,85,45,0,40,,54.61,53.34,40,40/80,fillet,,,
ANSI B92.1 40/80 DP 86T 45deg (Fillet),involute,imperial,external,86,45,0,40,,55.245,53.975,40,40/80,fillet,,,
ANSI B92.1 40/80 DP 87T 45deg (Fillet),involute,imperial,external,87,45,0,40,,55.88,54.61,40,40/80,fillet,,,
ANSI B92.1 40/80 DP 88T 45deg (Fillet),involute,imperial,external,88,45,0,40,,56.515,55.245,40,40/80,fillet,,,
ANSI B92.1 40/80 DP 89T 45deg (Fillet),involute,imperial,external,89,45,0,40,,57.15,55.88,40,40/80,fillet,,,
ANSI B92.1 40/80 DP 90T 45deg (Fillet),involute,imperial,external,90,45,0,40,,57.785,56.515,40,40/80,fillet,,,
ANSI B92.1 40/80 DP 91T 45deg (Fillet),involute,imperial,external,91,45,0,40,,58.42,57.15,40,40/80,fillet,,,
ANSI B92.1 40/80 DP 92T 45deg (Fillet),involute,imperial,external,92,45,0,40,,59.055,57.785,40,40/80,fillet,,,
ANSI B92.1 40/80 DP 93T 45deg (Fillet),involute,imperial,external,93,45,0,40,,59.69,58.42,40,40/80,fillet,,,
ANSI B92.1 40/80 DP 94T 45deg (Fillet),involute,imperial,external,94,45,0,40,,60.325,59.055,40,40/80,fillet,,,
ANSI B92.1 40/80 DP 95T 45deg (Fillet),involute,imperial,external,95,45,0,40,,60.96,59.69,40,40/80,fillet,,,
ANSI B92.1 40/80 DP 96T 45deg (Fillet),involute,imperial,external,96,45,0,40,,61.595,60.325,40,40/80,fillet,,,
ANSI B92.1 40/80 DP 97T 45deg (Fillet),involute,imperial,external,97,45,0,40,,62.23,60.96,40,40/80,fillet,,,
ANSI B92.1 40/80 DP 98T 45deg (Fillet),involute,imperial,external,98,45,0,40,,62.865,61.595,40,40/80,fillet,,,
ANSI B92.1 40/80 DP 99T 45deg (Fillet),involute,imperial,external,99,45,0,40,,63.5,62.23,40,40/80,fillet,,,
ANSI B92.1 40/80 DP 100T 45deg (Fillet),involute,imperial,external,100,45,0,40,,64.135,62.865,40,40/80,fillet,,,
ANSI B92.1 48/96 DP 15T 30deg,involute,imperial,external,15,30,0,40,,8.46666,6.87916,48,48/96,flat,,,
ANSI B92.1 48/96 DP 16T 30deg,involute,imperial,external,16,30,0,40,,8.99584,7.40834,48,48/96,flat,,,
ANSI B92.1 48/96 DP 17T 30deg,involute,imperial,external,17,30,0,40,,9.525,7.9375,48,48/96,flat,,,
ANSI B92.1 48/96 DP 18T 30deg,involute,imperial,external,18,30,0,40,,10.0542,8.46666,48,48/96,flat,,,
ANSI B92.1 48/96 DP 19T 30deg,involute,imperial,external,19,30,0,40,,10.5833,8.99584,48,48/96,flat,,,
ANSI B92.1 48/96 DP 20T 30deg,involute,imperial,external,20,30,0,40,,11.1125,9.525,48,48/96,flat,,,
ANSI B92.1 48/96 DP 21T 30deg,involute,imperial,external,21,30,0,40,,11.6417,10.0542,48,48/96,flat,,,
ANSI B92.1 48/96 DP 22T 30deg,involute,imperial,external,22,30,0,40,,12.1708,10.5833,48,48/96,flat,,,
ANSI B92.1 48/96 DP 23T 30deg,involute,imperial,external,23,30,0,40,,12.7,11.1125,48,48/96,flat,,,
ANSI B92.1 48/96 DP 24T 30deg,involute,imperial,external,24,30,0,40,,13.2292,11.6417,48,48/96,flat,,,
ANSI B92.1 48/96 DP 25T 30deg,involute,imperial,external,25,30,0,40,,13.7583,12.1708,48,48/96,flat,,,
ANSI B92.1 48/96 DP 26T 30deg,involute,imperial,external,26,30,0,40,,14.2875,12.7,48,48/96,flat,,,
ANSI B92.1 48/96 DP 27T 30deg,involute,imperial,external,27,30,0,40,,14.8167,13.2292,48,48/96,flat,,,
ANSI B92.1 48/96 DP 28T 30deg,involute,imperial,external,28,30,0,40,,15.3458,13.7583,48,48/96,flat,,,
ANSI B92.1 48/96 DP 29T 30deg,involute,imperial,external,29,30,0,40,,15.875,14.2875,48,48/96,flat,,,
ANSI B92.1 48/96 DP 30T 30deg,involute,imperial,external,30,30,0,40,,16.4042,14.8167,48,48/96,flat,,,
ANSI B92.1 48/96 DP 31T 30deg,involute,imperial,external,31,30,0,40,,16.9333,15.3458,48,48/96,flat,,,
ANSI B92.1 48/96 DP 32T 30deg,involute,imperial,external,32,30,0,40,,17.4625,15.875,48,48/96,flat,,,
ANSI B92.1 48/96 DP 33T 30deg,involute,imperial,external,33,30,0,40,,17.9917,16.4042,48,48/96,flat,,,
ANSI B92.1 48/96 DP 34T 30deg,involute,imperial,external,34,30,0,40,,18.5208,16.9333,48,48/96,flat,,,
ANSI B92.1 48/96 DP 35T 30deg,involute,imperial,external,35,30,0,40,,19.05,17.4625,48,48/96,flat,,,
ANSI B92.1 48/96 DP 36T 30deg,involute,imperial,external,36,30,0,40,,19.5792,17.9917,48,48/96,flat,,,
ANSI B92.1 48/96 DP 37T 30deg,involute,imperial,external,37,30,0,40,,20.1083,18.5208,48,48/96,flat,,,
ANSI B92.1 48/96 DP 38T 30deg,involute,imperial,external,38,30,0,40,,20.6375,19.05,48,48/96,flat,,,
ANSI B92.1 48/96 DP 39T 30deg,involute,imperial,external,39,30,0,40,,21.1667,19.5792,48,48/96,flat,,,
ANSI B92.1 48/96 DP 40T 30deg,involute,imperial,external,40,30,0,40,,21.6958,20.1083,48,48/96,flat,,,
ANSI B92.1 48/96 DP 41T 30deg,involute,imperial,external,41,30,0,40,,22.225,20.6375,48,48/96,flat,,,
ANSI B92.1 48/96 DP 42T 30deg,involute,imperial,external,42,30,0,40,,22.7542,21.1667,48,48/96,flat,,,
ANSI B92.1 48/96 DP 43T 30deg,involute,imperial,external,43,30,0,40,,23.2833,21.6958,48,48/96,flat,,,
ANSI B92.1 48/96 DP 44T 30deg,involute,imperial,external,44,30,0,40,,23.8125,22.225,48,48/96,flat,,,
ANSI B92.1 48/96 DP 45T 30deg,involute,imperial,external,45,30,0,40,,24.3417,22.7542,48,48/96,flat,,,
ANSI B92.1 48/96 DP 46T 30deg,involute,imperial,external,46,30,0,40,,24.8708,23.2833,48,48/96,flat,,,
ANSI B92.1 48/96 DP 47T 30deg,involute,imperial,external,47,30,0,40,,25.4,23.8125,48,48/96,flat,,,
ANSI B92.1 48/96 DP 48T 30deg,involute,imperial,external,48,30,0,40,,25.9292,24.3417,48,48/96,flat,,,
ANSI B92.1 48/96 DP 49T 30deg,involute,imperial,external,49,30,0,40,,26.4583,24.8708,48,48/96,flat,,,
ANSI B92.1 48/96 DP 50T 30deg,involute,imperial,external,50,30,0,40,,26.9875,25.4,48,48/96,flat,,,
ANSI B92.1 48/96 DP 51T 30deg,involute,imperial,external,51,30,0,40,,27.5167,25.9292,48,48/96,flat,,,
ANSI B92.1 48/96 DP 52T 30deg,involute,imperial,external,52,30,0,40,,28.0458,26.4583,48,48/96,flat,,,
ANSI B92.1 48/96 DP 53T 30deg,involute,imperial,external,53,30,0,40,,28.575,26.9875,48,48/96,flat,,,
ANSI B92.1 48/96 DP 54T 30deg,involute,imperial,external,54,30,0,40,,29.1042,27.5167,48,48/96,flat,,,
ANSI B92.1 48/96 DP 55T 30deg,involute,imperial,external,55,30,0,40,,29.6333,28.0458,48,48/96,flat,,,
ANSI B92.1 48/96 DP 56T 30deg,involute,imperial,external,56,30,0,40,,30.1625,28.575,48,48/96,flat,,,
ANSI B92.1 48/96 DP 57T 30deg,involute,imperial,external,57,30,0,40,,30.6917,29.1042,48,48/96,flat,,,
ANSI B92.1 48/96 DP 58T 30deg,involute,imperial,external,58,30,0,40,,31.2208,29.6333,48,48/96,flat,,,
ANSI B92.1 48/96 DP 59T 30deg,involute,imperial,external,59,30,0,40,,31.75,30.1625,48,48/96,flat,,,
ANSI B92.1 48/96 DP 60T 30deg,involute,imperial,external,60,30,0,40,,32.2792,30.6917,48,48/96,flat,,,
ANSI B92.1 48/96 DP 15T 30deg (Fillet),involute,imperial,external,15,30,0,40,,8.46666,6.985,48,48/96,fillet,,,
ANSI B92.1 48/96 DP 16T 30deg (Fillet),involute,imperial,external,16,30,0,40,,8.99584,7.51416,48,48/96,fillet,,,
ANSI B92.1 48/96 DP 17T 30deg (Fillet),involute,imperial,external,17,30,0,40,,9.525,8.04334,48,48/96,fillet,,,
ANSI B92.1 48/96 DP 18T 30deg (Fillet),involute,imperial,external,18,30,0,40,,10.0542,8.5725,48,48/96,fillet,,,
ANSI B92.1 48/96 DP 19T 30deg (Fillet),involute,imperial,external,19,30,0,40,,10.5833,9.10166,48,48/96,fillet,,,
ANSI B92.1 48/96 DP 20T 30deg (Fillet),involute,imperial,external,20,30,0,40,,11.1125,9.63084,48,48/96,fillet,,,
ANSI B92.1 48/96 DP 21T 30deg (Fillet),involute,imperial,external,21,30,0,40,,11.6417,10.16,48,48/96,fillet,,,
ANSI B92.1 48/96 DP 22T 30deg (Fillet),involute,imperial,external,22,30,0,40,,12.1708,10.6892,48,48/96,fillet,,,
ANSI B92.1 48/96 DP 23T 30deg (Fillet),involute,imperial,external,23,30,0,40,,12.7,11.2183,48,48/96,fillet,,,
ANSI B92.1 48/96 DP 24T 30deg (Fillet),involute,imperial,external,24,30,0,40,,13.2292,11.7475,48,48/96,fillet,,,
ANSI B92.1 48/96 DP 25T 30deg (Fillet),involute,imperial,external,25,30,0,40,,13.7583,12.2767,48,48/96,fillet,,,
ANSI B92.1 48/96 DP 26T 30deg (Fillet),involute,imperial,external,26,30,0,40,,14.2875,12.8058,48,48/96,fillet,,,
ANSI B92.1 48/96 DP 27T 30deg (Fillet),involute,imperial,external,27,30,0,40,,14.8167,13.335,48,48/96,fillet,,,
ANSI B92.1 48/96 DP 28T 30deg (Fillet),involute,imperial,external,28,30,0,40,,15.3458,13.8642,48,48/96,fillet,,,
ANSI B92.1 48/96 DP 29T 30deg (Fillet),involute,imperial,external,29,30,0,40,,15.875,14.3933,48,48/96,fillet,,,
ANSI B92.1 48/96 DP 30T 30deg (Fillet),involute,imperial,external,30,30,0,40,,16.4042,14.9225,48,48/96,fillet,,,
ANSI B92.1 48/96 DP 31T 30deg (Fillet),involute,imperial,external,31,30,0,40,,16.9333,15.4517,48,48/96,fillet,,,
ANSI B92.1 48/96 DP 32T 30deg (Fillet),involute,imperial,external,32,30,0,40,,17.4625,15.9808,48,48/96,fillet,,,
ANSI B92.1 48/96 DP 33T 30deg (Fillet),involute,imperial,external,33,30,0,40,,17.9917,16.51,48,48/96,fillet,,,
ANSI B92.1 48/96 DP 34T 30deg (Fillet),involute,imperial,external,34,30,0,40,,18.5208,17.0392,48,48/96,fillet,,,
ANSI B92.1 48/96 DP 35T 30deg (Fillet),involute,imperial,external,35,30,0,40,,19.05,17.5683,48,48/96,fillet,,,
ANSI B92.1 48/96 DP 36T 30deg (Fillet),involute,imperial,external,36,30,0,40,,19.5792,18.0975,48,48/96,fillet,,,
ANSI B92.1 48/96 DP 37T 30deg (Fillet),involute,imperial,external,37,30,0,40,,20.1083,18.6267,48,48/96,fillet,,,
ANSI B92.1 48/96 DP 38T 30deg (Fillet),involute,imperial,external,38,30,0,40,,20.6375,19.1558,48,48/96,fillet,,,
ANSI B92.1 48/96 DP 39T 30deg (Fillet),involute,imperial,external,39,30,0,40,,21.1667,19.685,48,48/96,fillet,,,
ANSI B92.1 48/96 DP 40T 30deg (Fillet),involute,imperial,external,40,30,0,40,,21.6958,20.2142,48,48/96,fillet,,,
ANSI B92.1 48/96 DP 41T 30deg (Fillet),involute,imperial,external,41,30,0,40,,22.225,20.7433,48,48/96,fillet,,,
ANSI B92.1 48/96 DP 42T 30deg (Fillet),involute,imperial,external,42,30,0,40,,22.7542,21.2725,48,48/96,fillet,,,
ANSI B92.1 48/96 DP 43T 30deg (Fillet),involute,imperial,external,43,30,0,40,,23.2833,21.8017,48,48/96,fillet,,,
ANSI B92.1 48/96 DP 44T 30deg (Fillet),involute,imperial,external,44,30,0,40,,23.8125,22.3308,48,48/96,fillet,,,
ANSI B92.1 48/96 DP 45T 30deg (Fillet),involute,imperial,external,45,30,0,40,,24.3417,22.86,48,48/96,fillet,,,
ANSI B92.1 48/96 DP 46T 30deg (Fillet),involute,imperial,external,46,30,0,40,,24.8708,23.3892,48,48/96,fillet,,,
ANSI B92.1 48/96 DP 47T 30deg (Fillet),involute,imperial,external,47,30,0,40,,25.4,23.9183,48,48/96,fillet,,,
ANSI B92.1 48/96 DP 48T 30deg (Fillet),involute,imperial,external,48,30,0,40,,25.9292,24.4475,48,48/96,fillet,,,
ANSI B92.1 48/96 DP 49T 30deg (Fillet),involute,imperial,external,49,30,0,40,,26.4583,24.9767,48,48/96,fillet,,,
ANSI B92.1 48/96 DP 50T 30deg (Fillet),involute,imperial,external,50,30,0,40,,26.9875,25.5058,48,48/96,fillet,,,
ANSI B92.1 48/96 DP 51T 30deg (Fillet),involute,imperial,external,51,30,0,40,,27.5167,26.035,48,48/96,fillet,,,
ANSI B92.1 48/96 DP 52T 30deg (Fillet),involute,imperial,external,52,30,0,40,,28.0458,26.5642,48,48/96,fillet,,,
ANSI B92.1 48/96 DP 53T 30deg (Fillet),involute,imperial,external,53,30,0,40,,28.575,27.0933,48,48/96,fillet,,,
ANSI B92.1 48/96 DP 54T 30deg (Fillet),involute,imperial,external,54,30,0,40,,29.1042,27.6225,48,48/96,fillet,,,
ANSI B92.1 48/96 DP 55T 30deg (Fillet),involute,imperial,external,55,30,0,40,,29.6333,28.1517,48,48/96,fillet,,,
ANSI B92.1 48/96 DP 56T 30deg (Fillet),involute,imperial,external,56,30,0,40,,30.1625,28.6808,48,48/96,fillet,,,
ANSI B92.1 48/96 DP 57T 30deg (Fillet),involute,imperial,external,57,30,0,40,,30.6917,29.21,48,48/96,fillet,,,
ANSI B92.1 48/96 DP 58T 30deg (Fillet),involute,imperial,external,58,30,0,40,,31.2208,29.7392,48,48/96,fillet,,,
ANSI B92.1 48/96 DP 59T 30deg (Fillet),involute,imperial,external,59,30,0,40,,31.75,30.2683,48,48/96,fillet,,,
ANSI B92.1 48/96 DP 60T 30deg (Fillet),involute,imperial,external,60,30,0,40,,32.2792,30.7975,48,48/96,fillet,,,
ANSI B92.1 48/96 DP 15T 37.5deg (Fillet),involute,imperial,external,15,37.5,0,40,,8.46666,7.24959,48,48/96,fillet,,,
ANSI B92.1 48/96 DP 16T 37.5deg (Fillet),involute,imperial,external,16,37.5,0,40,,8.99584,7.77875,48,48/96,fillet,,,
ANSI B92.1 48/96 DP 17T 37.5deg (Fillet),involute,imperial,external,17,37.5,0,40,,9.525,8.30791,48,48/96,fillet,,,
ANSI B92.1 48/96 DP 18T 37.5deg (Fillet),involute,imperial,external,18,37.5,0,40,,10.0542,8.83709,48,48/96,fillet,,,
ANSI B92.1 48/96 DP 19T 37.5deg (Fillet),involute,imperial,external,19,37.5,0,40,,10.5833,9.36625,48,48/96,fillet,,,
ANSI B92.1 48/96 DP 20T 37.5deg (Fillet),involute,imperial,external,20,37.5,0,40,,11.1125,9.89541,48,48/96,fillet,,,
ANSI B92.1 48/96 DP 21T 37.5deg (Fillet),involute,imperial,external,21,37.5,0,40,,11.6417,10.4246,48,48/96,fillet,,,
ANSI B92.1 48/96 DP 22T 37.5deg (Fillet),involute,imperial,external,22,37.5,0,40,,12.1708,10.9537,48,48/96,fillet,,,
ANSI B92.1 48/96 DP 23T 37.5deg (Fillet),involute,imperial,external,23,37.5,0,40,,12.7,11.4829,48,48/96,fillet,,,
ANSI B92.1 48/96 DP 24T 37.5deg (Fillet),involute,imperial,external,24,37.5,0,40,,13.2292,12.0121,48,48/96,fillet,,,
ANSI B92.1 48/96 DP 25T 37.5deg (Fillet),involute,imperial,external,25,37.5,0,40,,13.7583,12.5412,48,48/96,fillet,,,
ANSI B92.1 48/96 DP 26T 37.5deg (Fillet),involute,imperial,external,26,37.5,0,40,,14.2875,13.0704,48,48/96,fillet,,,
ANSI B92.1 48/96 DP 27T 37.5deg (Fillet),involute,imperial,external,27,37.5,0,40,,14.8167,13.5996,48,48/96,fillet,,,
ANSI B92.1 48/96 DP 28T 37.5deg (Fillet),involute,imperial,external,28,37.5,0,40,,15.3458,14.1288,48,48/96,fillet,,,
ANSI B92.1 48/96 DP 29T 37.5deg (Fillet),involute,imperial,external,29,37.5,0,40,,15.875,14.6579,48,48/96,fillet,,,
ANSI B92.1 48/96 DP 30T 37.5deg (Fillet),involute,imperial,external,30,37.5,0,40,,16.4042,15.1871,48,48/96,fillet,,,
ANSI B92.1 48/96 DP 31T 37.5deg (Fillet),involute,imperial,external,31,37.5,0,40,,16.9333,15.7163,48,48/96,fillet,,,
ANSI B92.1 48/96 DP 32T 37.5deg (Fillet),involute,imperial,external,32,37.5,0,40,,17.4625,16.2454,48,48/96,fillet,,,
ANSI B92.1 48/96 DP 33T 37.5deg (Fillet),involute,imperial,external,33,37.5,0,40,,17.9917,16.7746,48,48/96,fillet,,,
ANSI B92.1 48/96 DP 34T 37.5deg (Fillet),involute,imperial,external,34,37.5,0,40,,18.5208,17.3038,48,48/96,fillet,,,
ANSI B92.1 48/96 DP 35T 37.5deg (Fillet),involute,imperial,external,35,37.5,0,40,,19.05,17.8329,48,48/96,fillet,,,
ANSI B92.1 48/96 DP 36T 37.5deg (Fillet),involute,imperial,external,36,37.5,0,40,,19.5792,18.3621,48,48/96,fillet,,,
ANSI B92.1 48/96 DP 37T 37.5deg (Fillet),involute,imperial,external,37,37.5,0,40,,20.1083,18.8912,48,48/96,fillet,,,
ANSI B92.1 48/96 DP 38T 37.5deg (Fillet),involute,imperial,external,38,37.5,0,40,,20.6375,19.4204,48,48/96,fillet,,,
ANSI B92.1 48/96 DP 39T 37.5deg (Fillet),involute,imperial,external,39,37.5,0,40,,21.1667,19.9496,48,48/96,fillet,,,
ANSI B92.1 48/96 DP 40T 37.5deg (Fillet),involute,imperial,external,40,37.5,0,40,,21.6958,20.4787,48,48/96,fillet,,,
ANSI B92.1 48/96 DP 41T 37.5deg (Fillet),involute,imperial,external,41,37.5,0,40,,22.225,21.0079,48,48/96,fillet,,,
ANSI B92.1 48/96 DP 42T 37.5deg (Fillet),involute,imperial,external,42,37.5,0,40,,22.7542,21.5371,48,48/96,fillet,,,
ANSI B92.1 48/96 DP 43T 37.5deg (Fillet),involute,imperial,external,43,37.5,0,40,,23.2833,22.0663,48,48/96,fillet,,,
ANSI B92.1 48/96 DP 44T 37.5deg (Fillet),involute,imperial,external,44,37.5,0,40,,23.8125,22.5954,48,48/96,fillet,,,
ANSI B92.1 48/96 DP 45T 37.5deg (Fillet),involute,imperial,external,45,37.5,0,40,,24.3417,23.1246,48,48/96,fillet,,,
ANSI B92.1 48/96 DP 46T 37.5deg (Fillet),involute,imperial,external,46,37.5,0,40,,24.8708,23.6537,48,48/96,fillet,,,
ANSI B92.1 48/96 DP 47T 37.5deg (Fillet),involute,imperial,external,47,37.5,0,40,,25.4,24.1829,48,48/96,fillet,,,
ANSI B92.1 48/96 DP 48T 37.5deg (Fillet),involute,imperial,external,48,37.5,0,40,,25.9292,24.7121,48,48/96,fillet,,,
ANSI B92.1 48/96 DP 49T 37.5deg (Fillet),involute,imperial,external,49,37.5,0,40,,26.4583,25.2413,48,48/96,fillet,,,
ANSI B92.1 48/96 DP 50T 37.5deg (Fillet),involute,imperial,external,50,37.5,0,40,,26.9875,25.7704,48,48/96,fillet,,,
ANSI B92.1 48/96 DP 51T 37.5deg (Fillet),involute,imperial,external,51,37.5,0,40,,27.5167,26.2996,48,48/96,fillet,,,
ANSI B92.1 48/96 DP 52T 37.5deg (Fillet),involute,imperial,external,52,37.5,0,40,,28.0458,26.8287,48,48/96,fillet,,,
ANSI B92.1 48/96 DP 53T 37.5deg (Fillet),involute,imperial,external,53,37.5,0,40,,28.575,27.3579,48,48/96,fillet,,,
ANSI B92.1 48/96 DP 54T 37.5deg (Fillet),involute,imperial,external,54,37.5,0,40,,29.1042,27.8871,48,48/96,fillet,,,
ANSI B92.1 48/96 DP 55T 37.5deg (Fillet),involute,imperial,external,55,37.5,0,40,,29.6333,28.4162,48,48/96,fillet,,,
ANSI B92.1 48/96 DP 56T 37.5deg (Fillet),involute,imperial,external,56,37.5,0,40,,30.1625,28.9454,48,48/96,fillet,,,
ANSI B92.1 48/96 DP 57T 37.5deg (Fillet),involute,imperial,external,57,37.5,0,40,,30.6917,29.4746,48,48/96,fillet,,,
ANSI B92.1 48/96 DP 58T 37.5deg (Fillet),involute,imperial,external,58,37.5,0,40,,31.2208,30.0037,48,48/96,fillet,,,
ANSI B92.1 48/96 DP 59T 37.5deg (Fillet),involute,imperial,external,59,37.5,0,40,,31.75,30.5329,48,48/96,fillet,,,
ANSI B92.1 48/96 DP 60T 37.5deg (Fillet),involute,imperial,external,60,37.5,0,40,,32.2792,31.0621,48,48/96,fillet,,,
ANSI B92.1 48/96 DP 15T 45deg (Fillet),involute,imperial,external,15,45,0,40,,8.46666,7.40834,48,48/96,fillet,,,
ANSI B92.1 48/96 DP 16T 45deg (Fillet),involute,imperial,external,16,45,0,40,,8.99584,7.9375,48,48/96,fillet,,,
ANSI B92.1 48/96 DP 17T 45deg (Fillet),involute,imperial,external,17,45,0,40,,9.525,8.46666,48,48/96,fillet,,,
ANSI B92.1 48/96 DP 18T 45deg (Fillet),involute,imperial,external,18,45,0,40,,10.0542,8.99584,48,48/96,fillet,,,
ANSI B92.1 48/96 DP 19T 45deg (Fillet),involute,imperial,external,19,45,0,40,,10.5833,9.525,48,48/96,fillet,,,
ANSI B92.1 48/96 DP 20T 45deg (Fillet),involute,imperial,external,20,45,0,40,,11.1125,10.0542,48,48/96,fillet,,,
ANSI B92.1 48/96 DP 21T 45deg (Fillet),involute,imperial,external,21,45,0,40,,11.6417,10.5833,48,48/96,fillet,,,
ANSI B92.1 48/96 DP 22T 45deg (Fillet),involute,imperial,external,22,45,0,40,,12.1708,11.1125,48,48/96,fillet,,,
ANSI B92.1 48/96 DP 23T 45deg (Fillet),involute,imperial,external,23,45,0,40,,12.7,11.6417,48,48/96,fillet,,,
ANSI B92.1 48/96 DP 24T 45deg (Fillet),involute,imperial,external,24,45,0,40,,13.2292,12.1708,48,48/96,fillet,,,
ANSI B92.1 48/96 DP 25T 45deg (Fillet),involute,imperial,external,25,45,0,40,,13.7583,12.7,48,48/96,fillet,,,
ANSI B92.1 48/96 DP 26T 45deg (Fillet),involute,imperial,external,26,45,0,40,,14.2875,13.2292,48,48/96,fillet,,,
ANSI B92.1 48/96 DP 27T 45deg (Fillet),involute,imperial,external,27,45,0,40,,14.8167,13.7583,48,48/96,fillet,,,
ANSI B92.1 48/96 DP 28T 45deg (Fillet),involute,imperial,external,28,45,0,40,,15.3458,14.2875,48,48/96,fillet,,,
ANSI B92.1 48/96 DP 29T 45deg (Fillet),involute,imperial,external,29,45,0,40,,15.875,14.8167,48,48/96,fillet,,,
ANSI B92.1 48/96 DP 30T 45deg (Fillet),involute,imperial,external,30,45,0,40,,16.4042,15.3458,48,48/96,fillet,,,
ANSI B92.1 48/96 DP 31T 45deg (Fillet),involute,imperial,external,31,45,0,40,,16.9333,15.875,48,48/96,fillet,,,
ANSI B92.1 48/96 DP 32T 45deg (Fillet),involute,imperial,external,32,45,0,40,,17.4625,16.4042,48,48/96,fillet,,,
ANSI B92.1 48/96 DP 33T 45deg (Fillet),involute,imperial,external,33,45,0,40,,17.9917,16.9333,48,48/96,fillet,,,
ANSI B92.1 48/96 DP 34T 45deg (Fillet),involute,imperial,external,34,45,0,40,,18.5208,17.4625,48,48/96,fillet,,,
ANSI B92.1 48/96 DP 35T 45deg (Fillet),involute,imperial,external,35,45,0,40,,19.05,17.9917,48,48/96,fillet,,,
ANSI B92.1 48/96 DP 36T 45deg (Fillet),involute,imperial,external,36,45,0,40,,19.5792,18.5208,48,48/96,fillet,,,
ANSI B92.1 48/96 DP 37T 45deg (Fillet),involute,imperial,external,37,45,0,40,,20.1083,19.05,48,48/96,fillet,,,
ANSI B92.1 48/96 DP 38T 45deg (Fillet),involute,imperial,external,38,45,0,40,,20.6375,19.5792,48,48/96,fillet,,,
ANSI B92.1 48/96 DP 39T 45deg (Fillet),involute,imperial,external,39,45,0,40,,21.1667,20.1083,48,48/96,fillet,,,
ANSI B92.1 48/96 DP 40T 45deg (Fillet),involute,imperial,external,40,45,0,40,,21.6958,20.6375,48,48/96,fillet,,,
ANSI B92.1 48/96 DP 41T 45deg (Fillet),involute,imperial,external,41,45,0,40,,22.225,21.1667,48,48/96,fillet,,,
ANSI B92.1 48/96 DP 42T 45deg (Fillet),involute,imperial,external,42,45,0,40,,22.7542,21.6958,48,48/96,fillet,,,
ANSI B92.1 48/96 DP 43T 45deg (Fillet),involute,imperial,external,43,45,0,40,,23.2833,22.225,48,48/96,fillet,,,
ANSI B92.1 48/96 DP 44T 45deg (Fillet),involute,imperial,external,44,45,0,40,,23.8125,22.7542,48,48/96,fillet,,,
ANSI B92.1 48/96 DP 45T 45deg (Fillet),involute,imperial,external,45,45,0,40,,24.3417,23.2833,48,48/96,fillet,,,
ANSI B92.1 48/96 DP 46T 45deg (Fillet),involute,imperial,external,46,45,0,40,,24.8708,23.8125,48,48/96,fillet,,,
ANSI B92.1 48/96 DP 47T 45deg (Fillet),involute,imperial,external,47,45,0,40,,25.4,24.3417,48,48/96,fillet,,,
ANSI B92.1 48/96 DP 48T 45deg (Fillet),involute,imperial,external,48,45,0,40,,25.9292,24.8708,48,48/96,fillet,,,
ANSI B92.1 48/96 DP 49T 45deg (Fillet),involute,imperial,external,49,45,0,40,,26.4583,25.4,48,48/96,fillet,,,
ANSI B92.1 48/96 DP 50T 45deg (Fillet),involute,imperial,external,50,45,0,40,,26.9875,25.9292,48,48/96,fillet,,,
ANSI B92.1 48/96 DP 51T 45deg (Fillet),involute,imperial,external,51,45,0,40,,27.5167,26.4583,48,48/96,fillet,,,
ANSI B92.1 48/96 DP 52T 45deg (Fillet),involute,imperial,external,52,45,0,40,,28.0458,26.9875,48,48/96,fillet,,,
ANSI B92.1 48/96 DP 53T 45deg (Fillet),involute,imperial,external,53,45,0,40,,28.575,27.5167,48,48/96,fillet,,,
ANSI B92.1 48/96 DP 54T 45deg (Fillet),involute,imperial,external,54,45,0,40,,29.1042,28.0458,48,48/96,fillet,,,
ANSI B92.1 48/96 DP 55T 45deg (Fillet),involute,imperial,external,55,45,0,40,,29.6333,28.575,48,48/96,fillet,,,
ANSI B92.1 48/96 DP 56T 45deg (Fillet),involute,imperial,external,56,45,0,40,,30.1625,29.1042,48,48/96,fillet,,,
ANSI B92.1 48/96 DP 57T 45deg (Fillet),involute,imperial,external,57,45,0,40,,30.6917,29.6333,48,48/96,fillet,,,
ANSI B92.1 48/96 DP 58T 45deg (Fillet),involute,imperial,external,58,45,0,40,,31.2208,30.1625,48,48/96,fillet,,,
ANSI B92.1 48/96 DP 59T 45deg (Fillet),involute,imperial,external,59,45,0,40,,31.75,30.6917,48,48/96,fillet,,,
ANSI B92.1 48/96 DP 60T 45deg (Fillet),involute,imperial,external,60,45,0,40,,32.2792,31.2208,48,48/96,fillet,,,
ANSI B92.1 48/96 DP 61T 45deg (Fillet),involute,imperial,external,61,45,0,40,,32.8083,31.75,48,48/96,fillet,,,
ANSI B92.1 48/96 DP 62T 45deg (Fillet),involute,imperial,external,62,45,0,40,,33.3375,32.2792,48,48/96,fillet,,,
ANSI B92.1 48/96 DP 63T 45deg (Fillet),involute,imperial,external,63,45,0,40,,33.8667,32.8083,48,48/96,fillet,,,
ANSI B92.1 48/96 DP 64T 45deg (Fillet),involute,imperial,external,64,45,0,40,,34.3958,33.3375,48,48/96,fillet,,,
ANSI B92.1 48/96 DP 65T 45deg (Fillet),involute,imperial,external,65,45,0,40,,34.925,33.8667,48,48/96,fillet,,,
ANSI B92.1 48/96 DP 66T 45deg (Fillet),involute,imperial,external,66,45,0,40,,35.4542,34.3958,48,48/96,fillet,,,
ANSI B92.1 48/96 DP 67T 45deg (Fillet),involute,imperial,external,67,45,0,40,,35.9833,34.925,48,48/96,fillet,,,
ANSI B92.1 48/96 DP 68T 45deg (Fillet),involute,imperial,external,68,45,0,40,,36.5125,35.4542,48,48/96,fillet,,,
ANSI B92.1 48/96 DP 69T 45deg (Fillet),involute,imperial,external,69,45,0,40,,37.0417,35.9833,48,48/96,fillet,,,
ANSI B92.1 48/96 DP 70T 45deg (Fillet),involute,imperial,external,70,45,0,40,,37.5708,36.5125,48,48/96,fillet,,,
ANSI B92.1 48/96 DP 71T 45deg (Fillet),involute,imperial,external,71,45,0,40,,38.1,37.0417,48,48/96,fillet,,,
ANSI B92.1 48/96 DP 72T 45deg (Fillet),involute,imperial,external,72,45,0,40,,38.6292,37.5708,48,48/96,fillet,,,
ANSI B92.1 48/96 DP 73T 45deg (Fillet),involute,imperial,external,73,45,0,40,,39.1583,38.1,48,48/96,fillet,,,
ANSI B92.1 48/96 DP 74T 45deg (Fillet),involute,imperial,external,74,45,0,40,,39.6875,38.6292,48,48/96,fillet,,,
ANSI B92.1 48/96 DP 75T 45deg (Fillet),involute,imperial,external,75,45,0,40,,40.2167,39.1583,48,48/96,fillet,,,
ANSI B92.1 48/96 DP 76T 45deg (Fillet),involute,imperial,external,76,45,0,40,,40.7458,39.6875,48,48/96,fillet,,,
ANSI B92.1 48/96 DP 77T 45deg (Fillet),involute,imperial,external,77,45,0,40,,41.275,40.2167,48,48/96,fillet,,,
ANSI B92.1 48/96 DP 78T 45deg (Fillet),involute,imperial,external,78,45,0,40,,41.8042,40.7458,48,48/96,fillet,,,
ANSI B92.1 48/96 DP 79T 45deg (Fillet),involute,imperial,external,79,45,0,40,,42.3333,41.275,48,48/96,fillet,,,
ANSI B92.1 48/96 DP 80T 45deg (Fillet),involute,imperial,external,80,45,0,40,,42.8625,41.8042,48,48/96,fillet,,,
ANSI B92.1 48/96 DP 81T 45deg (Fillet),involute,imperial,external,81,45,0,40,,43.3917,42.3333,48,48/96,fillet,,,
ANSI B92.1 48/96 DP 82T 45deg (Fillet),involute,imperial,external,82,45,0,40,,43.9208,42.8625,48,48/96,fillet,,,
ANSI B92.1 48/96 DP 83T 45deg (Fillet),involute,imperial,external,83,45,0,40,,44.45,43.3917,48,48/96,fillet,,,
ANSI B92.1 48/96 DP 84T 45deg (Fillet),involute,imperial,external,84,45,0,40,,44.9792,43.9208,48,48/96,fillet,,,
ANSI B92.1 48/96 DP 85T 45deg (Fillet),involute,imperial,external,85,45,0,40,,45.5083,44.45,48,48/96,fillet,,,
ANSI B92.1 48/96 DP 86T 45deg (Fillet),involute,imperial,external,86,45,0,40,,46.0375,44.9792,48,48/96,fillet,,,
ANSI B92.1 48/96 DP 87T 45deg (Fillet),involute,imperial,external,87,45,0,40,,46.5667,45.5083,48,48/96,fillet,,,
ANSI B92.1 48/96 DP 88T 45deg (Fillet),involute,imperial,external,88,45,0,40,,47.0958,46.0375,48,48/96,fillet,,,
ANSI B92.1 48/96 DP 89T 45deg (Fillet),involute,imperial,external,89,45,0,40,,47.625,46.5667,48,48/96,fillet,,,
ANSI B92.1 48/96 DP 90T 45deg (Fillet),involute,imperial,external,90,45,0,40,,48.1542,47.0958,48,48/96,fillet,,,
ANSI B92.1 48/96 DP 91T 45deg (Fillet),involute,imperial,external,91,45,0,40,,48.6833,47.625,48,48/96,fillet,,,
ANSI B92.1 48/96 DP 92T 45deg (Fillet),involute,imperial,external,92,45,0,40,,49.2125,48.1542,48,48/96,fillet,,,
ANSI B92.1 48/96 DP 93T 45deg (Fillet),involute,imperial,external,93,45,0,40,,49.7417,48.6833,48,48/96,fillet,,,
ANSI B92.1 48/96 DP 94T 45deg (Fillet),involute,imperial,external,94,45,0,40,,50.2708,49.2125,48,48/96,fillet,,,
ANSI B92.1 48/96 DP 95T 45deg (Fillet),involute,imperial,external,95,45,0,40,,50.8,49.7417,48,48/96,fillet,,,
ANSI B92.1 48/96 DP 96T 45deg (Fillet),involute,imperial,external,96,45,0,40,,51.3292,50.2708,48,48/96,fillet,,,
ANSI B92.1 48/96 DP 97T 45deg (Fillet),involute,imperial,external,97,45,0,40,,51.8583,50.8,48,48/96,fillet,,,
ANSI B92.1 48/96 DP 98T 45deg (Fillet),involute,imperial,external,98,45,0,40,,52.3875,51.3292,48,48/96,fillet,,,
ANSI B92.1 48/96 DP 99T 45deg (Fillet),involute,imperial,external,99,45,0,40,,52.9167,51.8583,48,48/96,fillet,,,
ANSI B92.1 48/96 DP 100T 45deg (Fillet),involute,imperial,external,100,45,0,40,,53.4458,52.3875,48,48/96,fillet,,,
